backbone,batch_size,categorical_features,categorical_targets,continuous_features,continuous_targets,device,embedding_size,epochs,fine_tuning,freeze_layers,grad_clip,hidden_size,log,lora_alpha,lr,model,n_layers,r,rnn_type,strategy,total_params,trainable_params,weight_decay,id,name,test_next_activity_loss,train_next_time_to_next_event_loss,best_train_next_activity_acc,_wandb.runtime,_step,best_test_next_activity_acc,train_next_activity_loss,best_test_next_activity_loss,best_train_next_time_to_next_event_loss,best_test_next_time_to_next_event_loss,test_next_time_to_next_event_loss,test_next_activity_acc,test_next_remaining_time_loss,best_train_next_remaining_time_loss,train_next_remaining_time_loss,best_test_next_remaining_time_loss,train_next_activity_acc,_timestamp,best_train_next_activity_loss,_runtime,few_shot_k,seed
llama32-1b,8,['activity'],['activity'],"['accumulated_time', 'day_of_month', 'day_of_week', 'day_of_year', 'hour_of_day', 'min_of_hour', 'month_of_year', 'sec_of_min', 'secs_within_day', 'week_of_year']","['remaining_time', 'time_to_next_event']",cuda,2048,10,lora,,5,2048,BPI20PrepaidTravelCosts,512,5e-05,nep,1,256,lstm,sum,1416343586,180529186,0.1,sotmng4v,misty-pine-1,0.8310257118291194,0.7598382822136754,0.7632022471910113,200,9,0.760990099009901,0.8141844060983551,0.8310257118291194,0.7466912214452408,0.9731364787451112,0.9731364787451112,0.760990099009901,0.9851021831814606,0.7112271487043145,0.7112271487043145,0.8796628912368624,0.7632022471910113,1763315934.104912,0.8063327190134856,200.385826621,,
llama32-1b,8,['activity'],['activity'],"['accumulated_time', 'day_of_month', 'day_of_week', 'day_of_year', 'hour_of_day', 'min_of_hour', 'month_of_year', 'sec_of_min', 'secs_within_day', 'week_of_year']","['remaining_time', 'time_to_next_event']",cuda,2048,10,freeze,"-1,-2",5,2048,BPI20PrepaidTravelCosts,,5e-05,nep,1,,lstm,sum,1235988514,121876514,0.1,dyx20bgp,twilight-elevator-2,0.9837771678206944,0.7055169508251804,0.8617977528089887,130,9,0.6704950495049505,0.451078822639551,0.9837771678206944,0.6857045270642091,1.1069267759228696,1.1069267759228696,0.6704950495049505,1.046330599832063,0.7019421992342124,0.7087077223183064,1.046330599832063,0.8617977528089887,1763316220.1791124,0.451078822639551,130.671321748,,
llama32-1b,8,['activity'],['activity'],"['accumulated_time', 'day_of_month', 'day_of_week', 'day_of_year', 'hour_of_day', 'min_of_hour', 'month_of_year', 'sec_of_min', 'secs_within_day', 'week_of_year']","['remaining_time', 'time_to_next_event']",cuda,2048,10,freeze,"0,1",5,2048,BPI20PrepaidTravelCosts,,5e-05,nep,1,,lstm,sum,1235988514,121876514,0.1,j6hife4j,leafy-puddle-3,1.1617736170551565,0.6678997034772058,0.8577715355805243,129,9,0.665940594059406,0.4743850975447379,0.93553454786244,0.6653996217786596,1.4526551573347335,1.9306996132123588,0.6584158415841584,1.0510242729375858,0.6664562724502792,0.6863301453742195,1.0510242729375858,0.8577715355805243,1763316361.9655852,0.4743850975447379,129.799545049,,
llama32-1b,8,['activity'],['activity'],"['accumulated_time', 'day_of_month', 'day_of_week', 'day_of_year', 'hour_of_day', 'min_of_hour', 'month_of_year', 'sec_of_min', 'secs_within_day', 'week_of_year']","['remaining_time', 'time_to_next_event']",cuda,2048,10,freeze,0,5,2048,BPI20PrepaidTravelCosts,,5e-05,nep,1,,lstm,sum,1235988514,61059106,0.1,kp2zl6ky,splendid-bird-4,1.0345490257338723,0.6665542242455572,0.8382022471910112,116,9,0.640990099009901,0.5100317273693584,1.0345490257338723,0.6665542242455572,1.2477908336526096,1.2477908336526096,0.640990099009901,0.9719377287307588,0.6605820303552606,0.6641823275258925,0.9719377287307588,0.8382022471910112,1763316489.318015,0.5100317273693584,116.55715415,,
llama32-1b,8,['activity'],['activity'],"['accumulated_time', 'day_of_month', 'day_of_week', 'day_of_year', 'hour_of_day', 'min_of_hour', 'month_of_year', 'sec_of_min', 'secs_within_day', 'week_of_year']","['remaining_time', 'time_to_next_event']",cuda,2048,10,freeze,-1,5,2048,BPI20PrepaidTravelCosts,,5e-05,nep,1,,lstm,sum,1235988514,61059106,0.1,aam0wlqy,desert-cloud-5,1.106345189727179,0.6551120018244683,0.8620786516853932,116,9,0.6695049504950495,0.44570844865470344,0.9989719411642244,0.6551120018244683,1.104188436281563,1.1135877667795313,0.642970297029703,1.0053301658252678,0.6767373286382983,0.6767373286382983,0.9544867544835156,0.8620786516853932,1763316616.7571433,0.44570844865470344,116.119456815,,
llama32-1b,8,['activity'],['activity'],"['accumulated_time', 'day_of_month', 'day_of_week', 'day_of_year', 'hour_of_day', 'min_of_hour', 'month_of_year', 'sec_of_min', 'secs_within_day', 'week_of_year']","['remaining_time', 'time_to_next_event']",cuda,2048,10,freeze,,5,2048,BPI20PrepaidTravelCosts,,5e-05,nep,1,,lstm,sum,1235988514,241698,0.1,gy9rvlfu,fancy-planet-6,1.2925687583130183,0.691435996825329,0.8108614232209738,104,9,0.6146534653465346,0.6793674844481079,1.2925687583130183,0.691435996825329,1.1101609314078151,1.1317163305943556,0.6146534653465346,1.016488988611958,0.6576163948475199,0.6576163948475199,0.9968988961040384,0.8108614232209738,1763316731.9652514,0.6793674844481079,104.256938332,,
llama32-1b,8,['activity'],['activity'],"['accumulated_time', 'day_of_month', 'day_of_week', 'day_of_year', 'hour_of_day', 'min_of_hour', 'month_of_year', 'sec_of_min', 'secs_within_day', 'week_of_year']","['remaining_time', 'time_to_next_event']",cuda,2048,0,freeze,,5,2048,BPI20PrepaidTravelCosts,,5e-05,nep,1,,lstm,sum,1235988514,241698,0.1,4c6yj98y,wise-mountain-7,4.2337913101498446,,,2,0,0.004158415841584159,,4.2337913101498446,,2.937112795008291,2.937112795008291,0.004158415841584159,3.2574455234791975,,,3.2574455234791975,,1763316745.1502068,,2.442761185,,
llama32-1b,8,['activity'],['activity'],"['accumulated_time', 'day_of_month', 'day_of_week', 'day_of_year', 'hour_of_day', 'min_of_hour', 'month_of_year', 'sec_of_min', 'secs_within_day', 'week_of_year']","['remaining_time', 'time_to_next_event']",cuda,2048,10,freeze,,5,2048,BPI20PrepaidTravelCosts,,5e-05,nep,1,,lstm,sum,1235988514,241698,0.1,z290nf3c,super-silence-8,3.1411646285859667,0.5783598627976455,0.37117903930131,26,9,0.1097029702970297,2.4014751067848707,3.1411646285859667,0.5783598627976455,1.2931051057872205,1.2931051057872205,0.1097029702970297,1.0521955847976232,0.7920813518840674,0.7920813518840674,1.0521955847976232,0.37117903930131,1763316782.2045128,2.4014751067848707,26.913243043,8.0,
llama32-1b,8,['activity'],['activity'],"['accumulated_time', 'day_of_month', 'day_of_week', 'day_of_year', 'hour_of_day', 'min_of_hour', 'month_of_year', 'sec_of_min', 'secs_within_day', 'week_of_year']","['remaining_time', 'time_to_next_event']",cuda,2048,10,lora,,5,2048,BPI20PrepaidTravelCosts,512,5e-05,nep,1,256,lstm,sum,1416343586,180529186,0.1,zgwtemg4,volcanic-river-9,3.442755859299462,1.1165779683267183,0.048034934497816595,46,9,0.10396039603960396,3.673442016001872,3.2552296904762192,1.0193103242128696,1.5630526804215836,1.6233307016958105,0.001386138613861386,1.628750499121033,1.1559783956890022,1.5630733227625684,1.1515794100619778,0.013100436681222708,1763316840.9583228,3.427821629953176,46.36017577,8.0,
llama32-1b,8,['activity'],['activity'],"['accumulated_time', 'day_of_month', 'day_of_week', 'day_of_year', 'hour_of_day', 'min_of_hour', 'month_of_year', 'sec_of_min', 'secs_within_day', 'week_of_year']","['remaining_time', 'time_to_next_event']",cuda,2048,10,lora,,5,2048,BPI20TravelPermitData,512,5e-05,nep,1,256,lstm,sum,1416429623,180615223,0.1,60bnfhai,earthy-violet-10,0.9464334899534887,0.7582575709134383,0.7341840471876325,778,9,0.7362148811361532,0.925350777980352,0.9464334899534887,0.7582575709134383,0.8795155571433783,0.907805958865932,0.7362148811361532,0.978291300543667,0.5865999830500319,0.5865999830500319,0.9232801208307656,0.7341840471876325,1763317637.894458,0.925350777980352,778.945395141,,
llama32-1b,8,['activity'],['activity'],"['accumulated_time', 'day_of_month', 'day_of_week', 'day_of_year', 'hour_of_day', 'min_of_hour', 'month_of_year', 'sec_of_min', 'secs_within_day', 'week_of_year']","['remaining_time', 'time_to_next_event']",cuda,2048,10,freeze,"-1,-2",5,2048,BPI20TravelPermitData,,5e-05,nep,1,,lstm,sum,1236074551,121962551,0.1,jlfzupr0,dutiful-plasma-11,1.131481729138225,0.6428199944763996,0.8409152241798065,552,9,0.6625192960790367,0.5004711881848095,1.0835987672867615,0.6428199944763996,0.9446155643198144,0.9722179057753428,0.661191725841309,0.9690588328086804,0.5004866393337943,0.5004866393337943,0.818817382081124,0.8409152241798065,1763318317.9648628,0.5004711881848095,552.251506156,,
llama32-1b,8,['activity'],['activity'],"['accumulated_time', 'day_of_month', 'day_of_week', 'day_of_year', 'hour_of_day', 'min_of_hour', 'month_of_year', 'sec_of_min', 'secs_within_day', 'week_of_year']","['remaining_time', 'time_to_next_event']",cuda,2048,10,freeze,"0,1",5,2048,BPI20TravelPermitData,,5e-05,nep,1,,lstm,sum,1236074551,121962551,0.1,tcubiqim,lyric-sky-12,1.2880944784646713,0.6783141466659369,0.8338987624812059,551,9,0.6541216424822476,0.5234356798420315,1.2250067463256795,0.6783141466659369,0.908434292651062,1.2545875289036044,0.6503241741278172,0.9784341006560175,0.5265497807994272,0.5265497807994272,0.8252463523014418,0.8338987624812059,1763318883.7087662,0.5234356798420315,551.758129662,,
llama32-1b,8,['activity'],['activity'],"['accumulated_time', 'day_of_month', 'day_of_week', 'day_of_year', 'hour_of_day', 'min_of_hour', 'month_of_year', 'sec_of_min', 'secs_within_day', 'week_of_year']","['remaining_time', 'time_to_next_event']",cuda,2048,10,freeze,0,5,2048,BPI20TravelPermitData,,5e-05,nep,1,,lstm,sum,1236074551,61145143,0.1,4dy33tdf,dutiful-planet-13,1.2857936463410489,0.6780918352338922,0.8263618489533135,501,9,0.649644952145724,0.5608740324797399,1.2857936463410489,0.6780918352338922,1.0095756515451109,1.1853861193113688,0.649644952145724,0.9129495786494332,0.513395099771515,0.513395099771515,0.8626422180736385,0.8263618489533135,1763319398.8780186,0.5608740324797399,501.369865412,,
llama32-1b,8,['activity'],['activity'],"['accumulated_time', 'day_of_month', 'day_of_week', 'day_of_year', 'hour_of_day', 'min_of_hour', 'month_of_year', 'sec_of_min', 'secs_within_day', 'week_of_year']","['remaining_time', 'time_to_next_event']",cuda,2048,10,freeze,-1,5,2048,BPI20TravelPermitData,,5e-05,nep,1,,lstm,sum,1236074551,61145143,0.1,olqlgums,morning-lake-14,1.1448840000850988,0.6797682140873449,0.8378696171787655,502,9,0.66319851806113,0.5128600882226488,1.1448840000850988,0.6797682140873449,0.947411779225259,1.192790851198475,0.6531954306884841,0.9446326649163233,0.5266774727957274,0.5266774727957274,0.804424730455776,0.8378696171787655,1763319914.426045,0.5128600882226488,502.175133092,,
llama32-1b,8,['activity'],['activity'],"['accumulated_time', 'day_of_month', 'day_of_week', 'day_of_year', 'hour_of_day', 'min_of_hour', 'month_of_year', 'sec_of_min', 'secs_within_day', 'week_of_year']","['remaining_time', 'time_to_next_event']",cuda,2048,10,freeze,,5,2048,BPI20TravelPermitData,,5e-05,nep,1,,lstm,sum,1236074551,327735,0.1,0ty2gabv,pious-pine-15,1.3341127688298071,0.7229112056866153,0.7913180924476657,451,9,0.614541525162087,0.7248321017780007,1.3341127688298071,0.7229112056866153,0.9674112859645276,0.97193857509805,0.614541525162087,0.918979130368352,0.5164908472549263,0.5164908472549263,0.8906350800931435,0.7913180924476657,1763320379.5797167,0.7248321017780007,451.40362664,,
llama32-1b,8,['activity'],['activity'],"['accumulated_time', 'day_of_month', 'day_of_week', 'day_of_year', 'hour_of_day', 'min_of_hour', 'month_of_year', 'sec_of_min', 'secs_within_day', 'week_of_year']","['remaining_time', 'time_to_next_event']",cuda,2048,0,freeze,,5,2048,BPI20TravelPermitData,,5e-05,nep,1,,lstm,sum,1236074551,327735,0.1,2cf16zku,fast-planet-16,5.394897045902206,,,10,0,0.0046001852423587525,,5.394897045902206,,2.0084205130435464,2.0084205130435464,0.0046001852423587525,1.5306356274003268,,,1.5306356274003268,,1763320403.8902535,,10.69067191,,
llama32-1b,8,['activity'],['activity'],"['accumulated_time', 'day_of_month', 'day_of_week', 'day_of_year', 'hour_of_day', 'min_of_hour', 'month_of_year', 'sec_of_min', 'secs_within_day', 'week_of_year']","['remaining_time', 'time_to_next_event']",cuda,2048,10,freeze,,5,2048,BPI20TravelPermitData,,5e-05,nep,1,,lstm,sum,1236074551,327735,0.1,2lspyt1s,different-violet-17,3.374062893176454,0.8952392066979598,0.40583554376657827,132,9,0.14177215189873418,2.747698821819113,3.374062893176454,0.8952392066979598,1.137627986184827,1.137627986184827,0.14177215189873418,0.9005640253677675,0.8488492475580474,0.8488492475580474,0.8987898979999652,0.40583554376657827,1763320549.4522352,2.747698821819113,132.873336843,8.0,
llama32-1b,8,['activity'],['activity'],"['accumulated_time', 'day_of_month', 'day_of_week', 'day_of_year', 'hour_of_day', 'min_of_hour', 'month_of_year', 'sec_of_min', 'secs_within_day', 'week_of_year']","['remaining_time', 'time_to_next_event']",cuda,2048,10,lora,,5,2048,BPI20TravelPermitData,512,5e-05,nep,1,256,lstm,sum,1416429623,180615223,0.1,ycwy9plb,tough-sea-18,3.7119343313916153,1.2770934954720403,0.05305039787798409,195,9,0.05813522692188947,3.686217811442813,3.7119343313916153,1.2770934954720403,1.2226570622867257,1.33594305969455,0.05813522692188947,1.069550241221245,1.1193264827171752,1.1193264827171752,0.99860147003334,0.03713527851458886,1763320761.2260263,3.595885547465924,195.363228452,8.0,
llama32-1b,8,['activity'],['activity'],"['accumulated_time', 'day_of_month', 'day_of_week', 'day_of_year', 'hour_of_day', 'min_of_hour', 'month_of_year', 'sec_of_min', 'secs_within_day', 'week_of_year']","['remaining_time', 'time_to_next_event']",cuda,2048,10,lora,,5,2048,BPI20RequestForPayment,512,5e-05,nep,1,256,lstm,sum,1416290325,180475925,0.1,tbqngril,jumping-darkness-19,0.2672670151323541,0.8049215498845022,0.8773138183383555,659,9,0.893907115466553,0.3973341488345553,0.2672670151323541,0.7213733166905246,0.7353969304640512,0.8044865660124959,0.8914926856980543,0.6928030040314583,0.6089833543621873,0.7732832197069455,0.6570680892834896,0.8668101592767973,1763321573.8895323,0.3075330102643831,659.294128898,,
llama32-1b,8,['activity'],['activity'],"['accumulated_time', 'day_of_month', 'day_of_week', 'day_of_year', 'hour_of_day', 'min_of_hour', 'month_of_year', 'sec_of_min', 'secs_within_day', 'week_of_year']","['remaining_time', 'time_to_next_event']",cuda,2048,10,freeze,"-1,-2",5,2048,BPI20RequestForPayment,,5e-05,nep,1,,lstm,sum,1235935253,121823253,0.1,1py3hxb1,dauntless-jazz-20,0.28418582800589,0.691512122669458,0.8809298321136462,418,9,0.8923448373810539,0.3053176849605808,0.27382657318321113,0.691512122669458,0.7507679286014626,0.7591724125537458,0.8821190171850589,0.7063384448884309,0.587621864634139,0.587621864634139,0.6730318750073466,0.8792079207920792,1763322012.6889348,0.3053176849605808,418.430955217,,
llama32-1b,8,['activity'],['activity'],"['accumulated_time', 'day_of_month', 'day_of_week', 'day_of_year', 'hour_of_day', 'min_of_hour', 'month_of_year', 'sec_of_min', 'secs_within_day', 'week_of_year']","['remaining_time', 'time_to_next_event']",cuda,2048,10,freeze,"0,1",5,2048,BPI20RequestForPayment,,5e-05,nep,1,,lstm,sum,1235935253,121823253,0.1,7llso0ng,earnest-plasma-21,0.29010915065451687,0.7003209176886661,0.8818338355574687,417,9,0.8919187615395541,0.30293859515885985,0.2727356342374728,0.7003209176886661,0.7488280189188007,0.7739494747946909,0.8913506604175543,0.7264748819002017,0.6066183505466771,0.6066183505466771,0.7054492581755816,0.8818338355574687,1763322442.6885912,0.29822590824247075,417.615646349,,
llama32-1b,8,['activity'],['activity'],"['accumulated_time', 'day_of_month', 'day_of_week', 'day_of_year', 'hour_of_day', 'min_of_hour', 'month_of_year', 'sec_of_min', 'secs_within_day', 'week_of_year']","['remaining_time', 'time_to_next_event']",cuda,2048,10,freeze,0,5,2048,BPI20RequestForPayment,,5e-05,nep,1,,lstm,sum,1235935253,61005845,0.1,gb5relu3,cool-pine-22,0.2751690629970755,0.7088521437146158,0.8835126990959965,366,9,0.8917767362590541,0.2904656728177147,0.27402083905239943,0.7088521437146158,0.7442238115820758,0.7543031091531592,0.8917767362590541,0.7746625035988507,0.6024959806219751,0.6024959806219751,0.7173336569752616,0.8835126990959965,1763322821.6031237,0.2904656728177147,366.715122746,,
llama32-1b,8,['activity'],['activity'],"['accumulated_time', 'day_of_month', 'day_of_week', 'day_of_year', 'hour_of_day', 'min_of_hour', 'month_of_year', 'sec_of_min', 'secs_within_day', 'week_of_year']","['remaining_time', 'time_to_next_event']",cuda,2048,10,freeze,-1,5,2048,BPI20RequestForPayment,,5e-05,nep,1,,lstm,sum,1235935253,61005845,0.1,1tiitnbn,stellar-night-23,0.27061390798888646,0.7066356006697032,0.8838140335772707,367,9,0.8931969890640534,0.2898080759298889,0.27054509079061845,0.7066356006697032,0.797841146374575,0.797841146374575,0.8931969890640534,0.83083501347695,0.6253192046157666,0.6258234444025822,0.7578119823259143,0.8834266035299182,1763323201.559756,0.28829215686484444,367.87254829,,
llama32-1b,8,['activity'],['activity'],"['accumulated_time', 'day_of_month', 'day_of_week', 'day_of_year', 'hour_of_day', 'min_of_hour', 'month_of_year', 'sec_of_min', 'secs_within_day', 'week_of_year']","['remaining_time', 'time_to_next_event']",cuda,2048,10,freeze,,5,2048,BPI20RequestForPayment,,5e-05,nep,1,,lstm,sum,1235935253,188437,0.1,rlqb10tu,worthy-star-24,0.28498469359359013,0.7019615694001683,0.8765389582436505,324,9,0.8924868626615537,0.3341500920157365,0.28498469359359013,0.7019615694001683,0.7374070747520686,0.7374070747520686,0.8924868626615537,0.683768799893813,0.5867757204940901,0.5867757204940901,0.6792747890080703,0.8763237193284545,1763323538.1216185,0.3341500920157365,324.351514191,,
llama32-1b,8,['activity'],['activity'],"['accumulated_time', 'day_of_month', 'day_of_week', 'day_of_year', 'hour_of_day', 'min_of_hour', 'month_of_year', 'sec_of_min', 'secs_within_day', 'week_of_year']","['remaining_time', 'time_to_next_event']",cuda,2048,0,freeze,,5,2048,BPI20RequestForPayment,,5e-05,nep,1,,lstm,sum,1235935253,188437,0.1,9rv92atu,pretty-forest-25,3.367184535360966,,,3,0,0.005823036500497088,,3.367184535360966,,2.6011501209858787,2.6011501209858787,0.005823036500497088,1.2360991868185838,,,1.2360991868185838,,1763323553.60691,,3.539970089,,
llama32-1b,8,['activity'],['activity'],"['accumulated_time', 'day_of_month', 'day_of_week', 'day_of_year', 'hour_of_day', 'min_of_hour', 'month_of_year', 'sec_of_min', 'secs_within_day', 'week_of_year']","['remaining_time', 'time_to_next_event']",cuda,2048,10,freeze,,5,2048,BPI20RequestForPayment,,5e-05,nep,1,,lstm,sum,1235935253,188437,0.1,455rzhnv,elated-snowflake-26,2.5271144921663486,0.8023949898206271,0.4307692307692308,40,9,0.22084931117738957,2.061699889256404,2.5271144921663486,0.8023949898206271,0.830267424069418,0.830267424069418,0.22084931117738957,0.8880754169322705,0.9820980558028588,0.9820980558028588,0.8880754169322705,0.4307692307692308,1763323605.1941435,2.061699889256404,40.216703788,8.0,
llama32-1b,8,['activity'],['activity'],"['accumulated_time', 'day_of_month', 'day_of_week', 'day_of_year', 'hour_of_day', 'min_of_hour', 'month_of_year', 'sec_of_min', 'secs_within_day', 'week_of_year']","['remaining_time', 'time_to_next_event']",cuda,2048,10,lora,,5,2048,BPI20RequestForPayment,512,5e-05,nep,1,256,lstm,sum,1416290325,180475925,0.1,yxzz6y2m,eternal-universe-27,2.358352397826056,1.141101683103121,0.1076923076923077,66,9,0.3046442266723477,2.8387729131258452,2.358352397826056,1.141101683103121,0.988264629302792,1.1143260520216651,0.1185911092174407,2.114435684340631,1.4428283563027016,1.4428283563027016,1.0416412586482509,0.1076923076923077,1763323685.0283763,2.8387729131258452,66.084697215,8.0,
llama32-1b,8,['activity'],['activity'],"['accumulated_time', 'day_of_month', 'day_of_week', 'day_of_year', 'hour_of_day', 'min_of_hour', 'month_of_year', 'sec_of_min', 'secs_within_day', 'week_of_year']","['remaining_time', 'time_to_next_event']",cuda,2048,10,lora,,5,2048,BPI12,512,5e-05,nep,1,256,lstm,sum,1416323101,180508701,0.1,ar71nf1j,iconic-brook-28,2.2263965097569995,1.0274810749672527,0.7075102513058718,1782,9,0.6928974835573348,1.4183902745427568,0.970057049341668,0.8866623386578357,1.5292251534807404,1.6851175635667452,0.4319595367457821,2.7426672095049645,0.750256367412376,0.8676311384627404,2.6068198810820755,0.5446888877545811,1763325672.7712486,0.9188852081145,1782.796227483,,
llama32-1b,8,['activity'],['activity'],"['accumulated_time', 'day_of_month', 'day_of_week', 'day_of_year', 'hour_of_day', 'min_of_hour', 'month_of_year', 'sec_of_min', 'secs_within_day', 'week_of_year']","['remaining_time', 'time_to_next_event']",cuda,2048,10,freeze,"-1,-2",5,2048,BPI12,,5e-05,nep,1,,lstm,sum,1235968029,121856029,0.1,g3ce91xz,olive-brook-29,0.7324315798488862,0.6475270244152217,0.8499140761914484,1336,9,0.7977730912210466,0.3699919672453525,0.6233161719340681,0.6475270244152217,1.289673320237869,1.3528467666004615,0.7694273663139835,2.5622478106521465,0.6891663857340603,0.6891663857340603,1.777103093315064,0.8498375104214521,1763327026.2509313,0.3699919672453525,1336.845526646,,
llama32-1b,8,['activity'],['activity'],"['accumulated_time', 'day_of_month', 'day_of_week', 'day_of_year', 'hour_of_day', 'min_of_hour', 'month_of_year', 'sec_of_min', 'secs_within_day', 'week_of_year']","['remaining_time', 'time_to_next_event']",cuda,2048,10,freeze,"0,1",5,2048,BPI12,,5e-05,nep,1,,lstm,sum,1235968029,121856029,0.1,z7jv8yx0,brisk-moon-30,0.6812508273693981,0.6402229027099366,0.8485699215626223,1337,9,0.8106055190162997,0.3755786873132349,0.5886348694869713,0.6402229027099366,1.284972329768609,1.3815240298304894,0.7674256505576208,2.546385327014515,0.6800782225712052,0.6826860807687609,2.106069094946058,0.8484338046381842,1763328379.0895846,0.3755786873132349,1337.44425059,,
llama32-1b,8,['activity'],['activity'],"['accumulated_time', 'day_of_month', 'day_of_week', 'day_of_year', 'hour_of_day', 'min_of_hour', 'month_of_year', 'sec_of_min', 'secs_within_day', 'week_of_year']","['remaining_time', 'time_to_next_event']",cuda,2048,10,freeze,0,5,2048,BPI12,,5e-05,nep,1,,lstm,sum,1235968029,61038621,0.1,ti989286,kind-disco-31,0.7638193434788767,0.6585953320496324,0.8451414765283378,1242,9,0.7948420074349443,0.38944707901670544,0.6823798046304322,0.6585953320496324,1.3210637611138598,1.351863706330371,0.7588289962825279,2.6092413279463873,0.6656078426225841,0.6656078426225841,1.9592539555951631,0.8451414765283378,1763329636.6949005,0.38944707901670544,1242.453305242,,
llama32-1b,8,['activity'],['activity'],"['accumulated_time', 'day_of_month', 'day_of_week', 'day_of_year', 'hour_of_day', 'min_of_hour', 'month_of_year', 'sec_of_min', 'secs_within_day', 'week_of_year']","['remaining_time', 'time_to_next_event']",cuda,2048,10,freeze,-1,5,2048,BPI12,,5e-05,nep,1,,lstm,sum,1235968029,61038621,0.1,doiv6r7l,rural-glitter-32,0.6309888589043838,0.6520112407138046,0.8484848484848485,1240,9,0.8129110666285387,0.37735086057886014,0.6063029734465201,0.6520112407138046,1.289283757450361,1.289283757450361,0.794734772662282,2.5997683628402863,0.6798801343263898,0.6798801343263898,1.9904794147568905,0.8484848484848485,1763330892.6535974,0.37735086057886014,1240.22099241,,
llama32-1b,8,['activity'],['activity'],"['accumulated_time', 'day_of_month', 'day_of_week', 'day_of_year', 'hour_of_day', 'min_of_hour', 'month_of_year', 'sec_of_min', 'secs_within_day', 'week_of_year']","['remaining_time', 'time_to_next_event']",cuda,2048,10,freeze,,5,2048,BPI12,,5e-05,nep,1,,lstm,sum,1235968029,221213,0.1,cvahplj9,peachy-salad-33,1.2958441889640566,0.8549982433761646,0.7351504942745819,1145,9,0.5198026880183014,0.7072898708713014,1.2958441889640566,0.8549982433761646,1.46643250875126,1.48676250792064,0.5198026880183014,2.12567833766942,0.6592181628095877,0.6592181628095877,2.1117301957587498,0.7351504942745819,1763332053.39397,0.7072898708713014,1145.627615862,,
llama32-1b,8,['activity'],['activity'],"['accumulated_time', 'day_of_month', 'day_of_week', 'day_of_year', 'hour_of_day', 'min_of_hour', 'month_of_year', 'sec_of_min', 'secs_within_day', 'week_of_year']","['remaining_time', 'time_to_next_event']",cuda,2048,0,freeze,,5,2048,BPI12,,5e-05,nep,1,,lstm,sum,1235968029,221213,0.1,ihoe3216,upbeat-silence-34,4.417790862877846,,,18,0,0.10378538747497856,,4.417790862877846,,3.502010136152425,3.502010136152425,0.10378538747497856,3.358418058472972,,,3.358418058472972,,1763332087.459483,,18.577573278,,
llama32-1b,8,['activity'],['activity'],"['accumulated_time', 'day_of_month', 'day_of_week', 'day_of_year', 'hour_of_day', 'min_of_hour', 'month_of_year', 'sec_of_min', 'secs_within_day', 'week_of_year']","['remaining_time', 'time_to_next_event']",cuda,2048,10,freeze,,5,2048,BPI12,,5e-05,nep,1,,lstm,sum,1235968029,221213,0.1,w18osqas,likely-frost-35,3.3832533439295887,0.7558474789839238,0.4322916666666667,206,9,0.1762403488704604,2.2601387053728104,3.3405734939100675,0.7558474789839238,1.6165051012506886,1.748549389570082,0.047916070917929654,2.0525985504491246,0.5350294653326273,0.5350294653326273,1.5033323621627157,0.4322916666666667,1763332308.5122547,2.2601387053728104,206.613383442,8.0,
llama32-1b,8,['activity'],['activity'],"['accumulated_time', 'day_of_month', 'day_of_week', 'day_of_year', 'hour_of_day', 'min_of_hour', 'month_of_year', 'sec_of_min', 'secs_within_day', 'week_of_year']","['remaining_time', 'time_to_next_event']",cuda,2048,10,lora,,5,2048,BPI12,512,5e-05,nep,1,256,lstm,sum,1416323101,180508701,0.1,rgq0y53d,distinctive-vortex-36,2.9925527383096906,0.8992932086500028,0.0625,277,9,0.24093866171003717,3.028828571240107,2.9925527383096906,0.8642685569260115,1.601644903960168,1.6108988489549891,0.24093866171003717,4.061828542111907,0.7634908756590448,0.7634908756590448,1.9375922148538585,0.052083333333333336,1763332602.402161,3.028828571240107,277.130141183,8.0,
llama32-1b,8,['activity'],['activity'],"['accumulated_time', 'day_of_month', 'day_of_week', 'day_of_year', 'hour_of_day', 'min_of_hour', 'month_of_year', 'sec_of_min', 'secs_within_day', 'week_of_year']","['remaining_time', 'time_to_next_event']",cuda,2048,10,lora,,5,2048,BPI17,512,5e-05,nep,1,256,lstm,sum,1416327198,180512798,0.1,ajy52nfi,faithful-spaceship-37,0.5361710062246313,0.6254686498668774,0.8362602055822161,6976,9,0.8337775788281414,0.5253602475860537,0.5361710062246313,0.6254271957974005,0.7129209054224572,0.7145316932245062,0.8337775788281414,0.6765764923642135,0.5725909999244495,0.5725909999244495,0.6339471387542661,0.8362602055822161,1763339611.8455951,0.5253602475860537,6976.240639543,,
llama32-1b,8,['activity'],['activity'],"['accumulated_time', 'day_of_month', 'day_of_week', 'day_of_year', 'hour_of_day', 'min_of_hour', 'month_of_year', 'sec_of_min', 'secs_within_day', 'week_of_year']","['remaining_time', 'time_to_next_event']",cuda,2048,10,freeze,"-1,-2",5,2048,BPI17,,5e-05,nep,1,,lstm,sum,1235972126,121860126,0.1,31vuvp8v,fast-lion-38,0.5568396196721042,0.5301823245089592,0.8901799309761991,5313,9,0.8657191690235416,0.2949368583225199,0.3817135533645438,0.5301823245089592,0.8572528461318113,1.001075625161698,0.8375892729973345,2.846011203957301,0.5435718459028178,0.5435718459028178,2.3789787000377647,0.8901799309761991,1763345214.0486712,0.2949368583225199,5313.593737291,,
llama32-1b,8,['activity'],['activity'],"['accumulated_time', 'day_of_month', 'day_of_week', 'day_of_year', 'hour_of_day', 'min_of_hour', 'month_of_year', 'sec_of_min', 'secs_within_day', 'week_of_year']","['remaining_time', 'time_to_next_event']",cuda,2048,10,freeze,"0,1",5,2048,BPI17,,5e-05,nep,1,,lstm,sum,1235972126,121860126,0.1,54yu1geh,autumn-pyramid-39,0.5124417784924856,0.535372517395972,0.8875850232499265,5317,9,0.8687983668043489,0.3011814344706095,0.36164516997450047,0.535372517395972,0.8003465524059593,1.1742912876065168,0.8188258354189133,4.69111082553718,0.5457636802605748,0.5457636802605748,1.0664339951756532,0.8875850232499265,1763350702.282578,0.3011814344706095,5316.998951563,,
llama32-1b,8,['activity'],['activity'],"['accumulated_time', 'day_of_month', 'day_of_week', 'day_of_year', 'hour_of_day', 'min_of_hour', 'month_of_year', 'sec_of_min', 'secs_within_day', 'week_of_year']","['remaining_time', 'time_to_next_event']",cuda,2048,10,freeze,0,5,2048,BPI17,,5e-05,nep,1,,lstm,sum,1235972126,61042718,0.1,7jk3q9r4,bright-snowball-40,0.49035806476262545,0.5414852100490186,0.8855287046930476,5006,9,0.8595268615920945,0.30937281913191755,0.4028061954539868,0.5414852100490186,0.7883699409818156,1.4603900584850764,0.8211793191853013,8.28121104554027,0.5419049195866495,0.5419049195866495,1.106844890958589,0.8855287046930476,1763355967.3959365,0.30937281913191755,5006.844587329,,
llama32-1b,8,['activity'],['activity'],"['accumulated_time', 'day_of_month', 'day_of_week', 'day_of_year', 'hour_of_day', 'min_of_hour', 'month_of_year', 'sec_of_min', 'secs_within_day', 'week_of_year']","['remaining_time', 'time_to_next_event']",cuda,2048,10,freeze,-1,5,2048,BPI17,,5e-05,nep,1,,lstm,sum,1235972126,61042718,0.1,4kms0kbk,cool-jazz-41,0.4333555064497371,0.5432788763773891,0.886499157989052,4987,9,0.8655563920483448,0.308484203244194,0.3847369909029389,0.5432788763773891,0.859469565727116,1.887774591689579,0.8446565066704648,4.750687516796973,0.5523078745628275,0.5523078745628275,1.7759313975151434,0.886499157989052,1763361138.677013,0.308484203244194,4987.542373259,,
llama32-1b,8,['activity'],['activity'],"['accumulated_time', 'day_of_month', 'day_of_week', 'day_of_year', 'hour_of_day', 'min_of_hour', 'month_of_year', 'sec_of_min', 'secs_within_day', 'week_of_year']","['remaining_time', 'time_to_next_event']",cuda,2048,10,freeze,,5,2048,BPI17,,5e-05,nep,1,,lstm,sum,1235972126,225310,0.1,qcqi38xp,noble-morning-42,0.5021615418250648,0.7103001539329669,0.8362167709717812,4663,9,0.8210334981450207,0.4595638246832449,0.5021615418250648,0.7103001539329669,0.9229031177942244,0.9229031177942244,0.8210334981450207,1.1336329549644193,0.5525513973396969,0.5525513973396969,1.0655291959613145,0.8362167709717812,1763365926.3591886,0.4595638246832449,4663.091112326,,
llama32-1b,8,['activity'],['activity'],"['accumulated_time', 'day_of_month', 'day_of_week', 'day_of_year', 'hour_of_day', 'min_of_hour', 'month_of_year', 'sec_of_min', 'secs_within_day', 'week_of_year']","['remaining_time', 'time_to_next_event']",cuda,2048,0,freeze,,5,2048,BPI17,,5e-05,nep,1,,lstm,sum,1235972126,225310,0.1,aaoxbrx4,cosmic-bird-43,4.177147819080294,,,80,0,0.13445717269958832,,4.177147819080294,,3.981996047144361,3.981996047144361,0.13445717269958832,1.710727540165712,,,1.710727540165712,,1763366326.4097934,,80.310689048,,
llama32-1b,8,['activity'],['activity'],"['accumulated_time', 'day_of_month', 'day_of_week', 'day_of_year', 'hour_of_day', 'min_of_hour', 'month_of_year', 'sec_of_min', 'secs_within_day', 'week_of_year']","['remaining_time', 'time_to_next_event']",cuda,2048,10,freeze,,5,2048,BPI17,,5e-05,nep,1,,lstm,sum,1235972126,225310,0.1,1csdurfe,cool-shape-44,2.92792615838046,2.8938997814804317,0.54,770,9,0.09162648110091494,2.16778510093689,2.92792615838046,2.8938997814804317,1.2183458293305984,1.2183458293305984,0.09162648110091494,0.7471367617005505,0.5041200858354569,0.5041200858354569,0.7471367617005505,0.54,1763367261.2354703,2.16778510093689,770.902073586,8.0,
llama32-1b,8,['activity'],['activity'],"['accumulated_time', 'day_of_month', 'day_of_week', 'day_of_year', 'hour_of_day', 'min_of_hour', 'month_of_year', 'sec_of_min', 'secs_within_day', 'week_of_year']","['remaining_time', 'time_to_next_event']",cuda,2048,10,lora,,5,2048,BPI17,512,5e-05,nep,1,256,lstm,sum,1416327198,180512798,0.1,5bjc4n7b,treasured-sun-45,3.0433036642805296,3.42346171438694,0.47,1003,9,0.1412904144708731,1.7788213038444518,2.9507149856185193,3.0667143192887307,1.429027439574628,1.4582081512073015,0.117565670335931,0.8921130812797717,0.7253249651193618,0.7253249651193618,0.7155619904770535,0.47,1763368508.024826,1.7788213038444518,1003.212192476,8.0,
llama32-1b,8,['activity'],['activity'],"['accumulated_time', 'day_of_month', 'day_of_week', 'day_of_year', 'hour_of_day', 'min_of_hour', 'month_of_year', 'sec_of_min', 'secs_within_day', 'week_of_year']","['remaining_time', 'time_to_next_event']",cuda,2048,10,lora,,5,2048,BPI20PrepaidTravelCosts,512,5e-05,nep,1,256,lstm,sum,1416343586,180529186,0.1,pw500u0f,comfy-microwave-46,0.8613088467569634,0.7509824964437591,0.825,348,9,0.7217821782178218,0.6112695411796427,0.8613088467569634,0.7413771923450049,1.0059667253966378,1.0853688551647829,0.7029702970297029,0.9405782063172596,0.6960918126704541,0.6960918126704541,0.9405782063172596,0.825,1763541714.4864292,0.6112695411796427,348.304099489,,41.0
llama32-1b,8,['activity'],['activity'],"['accumulated_time', 'day_of_month', 'day_of_week', 'day_of_year', 'hour_of_day', 'min_of_hour', 'month_of_year', 'sec_of_min', 'secs_within_day', 'week_of_year']","['remaining_time', 'time_to_next_event']",cuda,2048,10,lora,,5,2048,BPI20PrepaidTravelCosts,512,5e-05,nep,1,256,lstm,sum,1416343586,180529186,0.1,zm9s8dt2,smooth-lake-47,0.8659612228846786,0.736049720075693,0.7732209737827715,343,9,0.7615841584158416,0.7759202666050485,0.8490576758007011,0.723377102077677,0.953056994806422,1.0670637179837368,0.7615841584158416,0.9199590162711568,0.690714597746674,0.690714597746674,0.90037702890906,0.7699438202247191,1763542129.1223354,0.7558166461044483,343.133406435,,42.0
llama32-1b,8,['activity'],['activity'],"['accumulated_time', 'day_of_month', 'day_of_week', 'day_of_year', 'hour_of_day', 'min_of_hour', 'month_of_year', 'sec_of_min', 'secs_within_day', 'week_of_year']","['remaining_time', 'time_to_next_event']",cuda,2048,10,lora,,5,2048,BPI20PrepaidTravelCosts,512,5e-05,nep,1,256,lstm,sum,1416343586,180529186,0.1,d4bo3rdd,gentle-fire-48,2.6420118826686747,0.8700573289215788,0.7662921348314606,344,9,0.7900990099009901,1.3381651255075404,0.7492013040627583,0.7571169902769367,0.9657578397505354,1.5346422335180905,0.1891089108910891,1.47326637551336,0.7083599110890864,0.8632121778606029,0.8779058334614971,0.647378277153558,1763542686.5407922,0.7531707833768723,344.800485272,,43.0
llama32-1b,8,['activity'],['activity'],"['accumulated_time', 'day_of_month', 'day_of_week', 'day_of_year', 'hour_of_day', 'min_of_hour', 'month_of_year', 'sec_of_min', 'secs_within_day', 'week_of_year']","['remaining_time', 'time_to_next_event']",cuda,2048,10,lora,,5,2048,BPI20PrepaidTravelCosts,512,5e-05,nep,1,256,lstm,sum,1416343586,180529186,0.1,a8u1yffu,fallen-salad-49,0.672033658145678,0.7898616383473078,0.8218164794007491,346,9,0.803960396039604,0.5980955570378107,0.672033658145678,0.7759828672873393,1.0190133598063251,1.0855648637526103,0.803960396039604,1.0383101635168095,0.7314552398545019,0.750344147921055,0.9334732777057309,0.8218164794007491,1763543082.9803455,0.5980955570378107,346.69044144,,44.0
llama32-1b,8,['activity'],['activity'],"['accumulated_time', 'day_of_month', 'day_of_week', 'day_of_year', 'hour_of_day', 'min_of_hour', 'month_of_year', 'sec_of_min', 'secs_within_day', 'week_of_year']","['remaining_time', 'time_to_next_event']",cuda,2048,10,lora,,5,2048,BPI20PrepaidTravelCosts,512,5e-05,nep,1,256,lstm,sum,1416343586,180529186,0.1,b8x06mfq,restful-violet-50,0.8045120743477698,0.7418927882606171,0.8204119850187266,332,9,0.7241584158415841,0.5896083771512749,0.8045120743477698,0.7418927882606171,0.9972547123691824,1.0035056593866631,0.6855445544554456,1.0738913325980155,0.6803399784623014,0.6803399784623014,0.9559809375989556,0.8204119850187266,1763543612.808452,0.5896083771512749,332.129500187,,45.0
llama32-1b,8,['activity'],['activity'],"['accumulated_time', 'day_of_month', 'day_of_week', 'day_of_year', 'hour_of_day', 'min_of_hour', 'month_of_year', 'sec_of_min', 'secs_within_day', 'week_of_year']","['remaining_time', 'time_to_next_event']",cuda,2048,10,freeze,"-1,-2",5,2048,BPI20PrepaidTravelCosts,,5e-05,nep,1,,lstm,sum,1235988514,121876514,0.1,0i0a6i1c,smart-lion-51,1.1422925809350344,0.7028717727473612,0.8610486891385768,177,9,0.6613861386138614,0.4486956984809275,1.0572029192140786,0.6845778825354487,1.0836091880042955,1.7050301062706674,0.6601980198019802,1.1546403488310255,0.6943119360489791,0.7644215451644154,1.0069969723012189,0.8610486891385768,1763543832.9769518,0.4486956984809275,177.676694881,,41.0
llama32-1b,8,['activity'],['activity'],"['accumulated_time', 'day_of_month', 'day_of_week', 'day_of_year', 'hour_of_day', 'min_of_hour', 'month_of_year', 'sec_of_min', 'secs_within_day', 'week_of_year']","['remaining_time', 'time_to_next_event']",cuda,2048,10,freeze,"-1,-2",5,2048,BPI20PrepaidTravelCosts,,5e-05,nep,1,,lstm,sum,1235988514,121876514,0.1,p38jxnee,absurd-breeze-52,0.9631146825658212,0.670230904589878,0.8597378277153558,180,9,0.6730693069306931,0.4524411351939712,0.9631146825658212,0.670230904589878,1.046779110313642,1.2100070648382206,0.6730693069306931,1.053453634469816,0.6789452133218894,0.6789452133218894,0.9368274660393744,0.8597378277153558,1763544053.748091,0.4524411351939712,180.867843893,,42.0
llama32-1b,8,['activity'],['activity'],"['accumulated_time', 'day_of_month', 'day_of_week', 'day_of_year', 'hour_of_day', 'min_of_hour', 'month_of_year', 'sec_of_min', 'secs_within_day', 'week_of_year']","['remaining_time', 'time_to_next_event']",cuda,2048,10,freeze,"-1,-2",5,2048,BPI20PrepaidTravelCosts,,5e-05,nep,1,,lstm,sum,1235988514,121876514,0.1,zng5cxzk,dandy-sun-53,1.1504417380720082,0.6680657398164942,0.8424157303370786,177,9,0.6437623762376238,0.5136901556775811,0.9945478596073566,0.66595145036442,0.9562846744650662,1.133235660213055,0.6067326732673267,0.9596637176287056,0.6610481670286772,0.6694931735371829,0.9542233303749916,0.8424157303370786,1763544272.0659585,0.5136901556775811,177.902722767,,43.0
llama32-1b,8,['activity'],['activity'],"['accumulated_time', 'day_of_month', 'day_of_week', 'day_of_year', 'hour_of_day', 'min_of_hour', 'month_of_year', 'sec_of_min', 'secs_within_day', 'week_of_year']","['remaining_time', 'time_to_next_event']",cuda,2048,10,freeze,"-1,-2",5,2048,BPI20PrepaidTravelCosts,,5e-05,nep,1,,lstm,sum,1235988514,121876514,0.1,ww7ix943,robust-silence-54,0.9900276487180502,0.6505239228184303,0.853183520599251,179,9,0.6637623762376238,0.4841048758574639,0.9678043813988714,0.6505239228184303,0.955131315193554,1.0398385567240196,0.6611881188118812,1.0051717718520967,0.648858893743615,0.648858893743615,0.8981589130363842,0.853183520599251,1763544491.8429525,0.4841048758574639,179.427784926,,44.0
llama32-1b,8,['activity'],['activity'],"['accumulated_time', 'day_of_month', 'day_of_week', 'day_of_year', 'hour_of_day', 'min_of_hour', 'month_of_year', 'sec_of_min', 'secs_within_day', 'week_of_year']","['remaining_time', 'time_to_next_event']",cuda,2048,10,freeze,"-1,-2",5,2048,BPI20PrepaidTravelCosts,,5e-05,nep,1,,lstm,sum,1235988514,121876514,0.1,96vaop72,ancient-sky-55,0.9522662843572032,0.6615355542201674,0.8673220973782771,180,9,0.6841584158415842,0.4272015520249413,0.9479757153161682,0.6615355542201674,1.223189699154089,2.142940334282299,0.6841584158415842,1.5326639571992478,0.6784271004829514,0.7046959902463334,1.0872880618406997,0.8673220973782771,1763544712.2918997,0.4272015520249413,180.701968363,,45.0
llama32-1b,8,['activity'],['activity'],"['accumulated_time', 'day_of_month', 'day_of_week', 'day_of_year', 'hour_of_day', 'min_of_hour', 'month_of_year', 'sec_of_min', 'secs_within_day', 'week_of_year']","['remaining_time', 'time_to_next_event']",cuda,2048,10,freeze,"0,1",5,2048,BPI20PrepaidTravelCosts,,5e-05,nep,1,,lstm,sum,1235988514,121876514,0.1,qtaym07w,grateful-dream-56,0.9664341029554312,0.6676833579602759,0.8562734082397003,179,9,0.6695049504950495,0.4602136942331264,0.9664341029554312,0.6676833579602759,1.1587795334051152,1.997307338903446,0.6695049504950495,1.1059391242678802,0.6645719414235054,0.6645719414235054,1.0625256317440823,0.8562734082397003,1763544932.3359044,0.4602136942331264,179.548113331,,41.0
llama32-1b,8,['activity'],['activity'],"['accumulated_time', 'day_of_month', 'day_of_week', 'day_of_year', 'hour_of_day', 'min_of_hour', 'month_of_year', 'sec_of_min', 'secs_within_day', 'week_of_year']","['remaining_time', 'time_to_next_event']",cuda,2048,10,freeze,"0,1",5,2048,BPI20PrepaidTravelCosts,,5e-05,nep,1,,lstm,sum,1235988514,121876514,0.1,fxp5y208,youthful-pond-57,1.0401813296516342,0.6503110901135184,0.8602059925093632,179,9,0.6815841584158416,0.4694400560989809,0.9437146479540532,0.6503110901135184,1.3637924099912735,1.4420641402442858,0.6815841584158416,1.1940361357207343,0.6583772559960683,0.6583772559960683,1.0907185577165963,0.8602059925093632,1763545151.5478532,0.4694400560989809,179.020624339,,42.0
llama32-1b,8,['activity'],['activity'],"['accumulated_time', 'day_of_month', 'day_of_week', 'day_of_year', 'hour_of_day', 'min_of_hour', 'month_of_year', 'sec_of_min', 'secs_within_day', 'week_of_year']","['remaining_time', 'time_to_next_event']",cuda,2048,10,freeze,"0,1",5,2048,BPI20PrepaidTravelCosts,,5e-05,nep,1,,lstm,sum,1235988514,121876514,0.1,jw1cs3u2,feasible-puddle-58,1.174466797762578,0.6505658391374773,0.8544007490636704,181,9,0.6623762376237624,0.477351763989595,0.9238177769727046,0.6505658391374773,1.3926153437926037,1.734729410681394,0.6328712871287129,1.4718288825762154,0.6553414844618308,0.6669813129450944,0.9848059694837816,0.8544007490636704,1763545372.5727708,0.477351763989595,181.06066598,,43.0
llama32-1b,8,['activity'],['activity'],"['accumulated_time', 'day_of_month', 'day_of_week', 'day_of_year', 'hour_of_day', 'min_of_hour', 'month_of_year', 'sec_of_min', 'secs_within_day', 'week_of_year']","['remaining_time', 'time_to_next_event']",cuda,2048,10,freeze,"0,1",5,2048,BPI20PrepaidTravelCosts,,5e-05,nep,1,,lstm,sum,1235988514,121876514,0.1,tedbv5n2,drawn-night-59,0.930852504767994,0.6493521483649922,0.8515917602996255,179,9,0.7017821782178217,0.4850668760721157,0.7998926855786012,0.6493521483649922,1.5658300411111057,1.7612829790020934,0.6665346534653466,1.2628981820663605,0.6326660175894977,0.6326660175894977,1.1171110043667332,0.8515917602996255,1763545592.9378357,0.4850668760721157,179.532440247,,44.0
llama32-1b,8,['activity'],['activity'],"['accumulated_time', 'day_of_month', 'day_of_week', 'day_of_year', 'hour_of_day', 'min_of_hour', 'month_of_year', 'sec_of_min', 'secs_within_day', 'week_of_year']","['remaining_time', 'time_to_next_event']",cuda,2048,10,freeze,"0,1",5,2048,BPI20PrepaidTravelCosts,,5e-05,nep,1,,lstm,sum,1235988514,121876514,0.1,82joaanq,fanciful-energy-60,0.906163264359578,0.6734645412432567,0.8565543071161049,178,9,0.6796039603960397,0.4666367914346274,0.8919123950807175,0.6734645412432567,1.2068733740325022,1.2226505453279704,0.6796039603960397,1.3905571318144845,0.6677419198363015,0.6747230606132679,0.8679620834388355,0.8565543071161049,1763545812.3757048,0.4666367914346274,178.986806209,,45.0
llama32-1b,8,['activity'],['activity'],"['accumulated_time', 'day_of_month', 'day_of_week', 'day_of_year', 'hour_of_day', 'min_of_hour', 'month_of_year', 'sec_of_min', 'secs_within_day', 'week_of_year']","['remaining_time', 'time_to_next_event']",cuda,2048,10,freeze,0,5,2048,BPI20PrepaidTravelCosts,,5e-05,nep,1,,lstm,sum,1235988514,61059106,0.1,znmc4gnm,gallant-water-61,1.0493944665701085,0.6700918332802669,0.8417602996254682,166,9,0.6451485148514852,0.5210333874609586,1.04363218628534,0.6700918332802669,1.1724300214559724,1.1724300214559724,0.6451485148514852,0.9782755864964854,0.6630498751049184,0.6675218536389455,0.9782755864964854,0.8417602996254682,1763546019.6443107,0.5210333874609586,166.679102239,,41.0
llama32-1b,8,['activity'],['activity'],"['accumulated_time', 'day_of_month', 'day_of_week', 'day_of_year', 'hour_of_day', 'min_of_hour', 'month_of_year', 'sec_of_min', 'secs_within_day', 'week_of_year']","['remaining_time', 'time_to_next_event']",cuda,2048,10,freeze,0,5,2048,BPI20PrepaidTravelCosts,,5e-05,nep,1,,lstm,sum,1235988514,61059106,0.1,b28o0kcq,generous-dust-62,1.0345478382677136,0.6665541048800008,0.8382022471910112,168,9,0.640990099009901,0.5100316753994659,1.0345478382677136,0.6665541048800008,1.247789820302831,1.247789820302831,0.640990099009901,0.971938001236113,0.6605820129203439,0.6641821435551518,0.971938001236113,0.8382022471910112,1763546228.4787817,0.5100316753994659,168.792962685,,42.0
llama32-1b,8,['activity'],['activity'],"['accumulated_time', 'day_of_month', 'day_of_week', 'day_of_year', 'hour_of_day', 'min_of_hour', 'month_of_year', 'sec_of_min', 'secs_within_day', 'week_of_year']","['remaining_time', 'time_to_next_event']",cuda,2048,10,freeze,0,5,2048,BPI20PrepaidTravelCosts,,5e-05,nep,1,,lstm,sum,1235988514,61059106,0.1,oggxddko,bright-deluge-63,1.024613177611096,0.6623714630300186,0.8432584269662922,168,9,0.641980198019802,0.4952907889076833,1.0243489940567772,0.6623714630300186,1.0675300736002402,1.0802382744892989,0.641980198019802,1.0144961450595666,0.6625343784634093,0.6625343784634093,0.9275764118798888,0.8432584269662922,1763546437.0076394,0.4952907889076833,168.531106181,,43.0
llama32-1b,8,['activity'],['activity'],"['accumulated_time', 'day_of_month', 'day_of_week', 'day_of_year', 'hour_of_day', 'min_of_hour', 'month_of_year', 'sec_of_min', 'secs_within_day', 'week_of_year']","['remaining_time', 'time_to_next_event']",cuda,2048,10,freeze,0,5,2048,BPI20PrepaidTravelCosts,,5e-05,nep,1,,lstm,sum,1235988514,61059106,0.1,yfxmk0a5,ethereal-wind-64,1.147225552077341,0.6539008517167095,0.8398876404494382,166,9,0.658019801980198,0.5095075806428431,0.982987827263256,0.6539008517167095,1.0414684374025551,1.055152435113888,0.6312871287128713,1.0993228163577542,0.6672061264514924,0.6672061264514924,0.9396527133601726,0.8398876404494382,1763546643.175537,0.5095075806428431,166.060767825,,44.0
llama32-1b,8,['activity'],['activity'],"['accumulated_time', 'day_of_month', 'day_of_week', 'day_of_year', 'hour_of_day', 'min_of_hour', 'month_of_year', 'sec_of_min', 'secs_within_day', 'week_of_year']","['remaining_time', 'time_to_next_event']",cuda,2048,10,freeze,0,5,2048,BPI20PrepaidTravelCosts,,5e-05,nep,1,,lstm,sum,1235988514,61059106,0.1,2rnl77of,serene-violet-65,1.022092903344938,0.67071639696757,0.8381086142322097,167,9,0.6504950495049505,0.5121551982025975,1.022092903344938,0.67071639696757,1.1805450269491369,1.308961143871345,0.6504950495049505,1.060077463848756,0.6548911401506666,0.6632800206151348,0.941606459003864,0.8381086142322097,1763546850.8023138,0.5121551982025975,167.921474815,,45.0
llama32-1b,8,['activity'],['activity'],"['accumulated_time', 'day_of_month', 'day_of_week', 'day_of_year', 'hour_of_day', 'min_of_hour', 'month_of_year', 'sec_of_min', 'secs_within_day', 'week_of_year']","['remaining_time', 'time_to_next_event']",cuda,2048,10,freeze,-1,5,2048,BPI20PrepaidTravelCosts,,5e-05,nep,1,,lstm,sum,1235988514,61059106,0.1,k2znbxqz,eager-sun-66,1.0795055247769498,0.6647286639231421,0.8667602996254682,167,9,0.665940594059406,0.4317581928178166,1.0795055247769498,0.6647286639231421,1.0872940292924935,1.4015169332523156,0.665940594059406,1.1709609354604589,0.6704400486379081,0.6704400486379081,0.9497829533095408,0.8667602996254682,1763547058.050964,0.4317581928178166,167.188253298,,41.0
llama32-1b,8,['activity'],['activity'],"['accumulated_time', 'day_of_month', 'day_of_week', 'day_of_year', 'hour_of_day', 'min_of_hour', 'month_of_year', 'sec_of_min', 'secs_within_day', 'week_of_year']","['remaining_time', 'time_to_next_event']",cuda,2048,10,freeze,-1,5,2048,BPI20PrepaidTravelCosts,,5e-05,nep,1,,lstm,sum,1235988514,61059106,0.1,owg309lj,dry-cloud-67,1.0558698217939622,0.6573788243733095,0.8619850187265917,167,9,0.6695049504950495,0.44329212694132375,1.029321461668109,0.6573788243733095,1.1000654916480035,1.1000654916480035,0.6497029702970297,1.009361470571839,0.6792863935455401,0.6818196716268411,0.9849461719305208,0.8619850187265917,1763547265.596641,0.44329212694132375,167.944486084,,42.0
llama32-1b,8,['activity'],['activity'],"['accumulated_time', 'day_of_month', 'day_of_week', 'day_of_year', 'hour_of_day', 'min_of_hour', 'month_of_year', 'sec_of_min', 'secs_within_day', 'week_of_year']","['remaining_time', 'time_to_next_event']",cuda,2048,10,freeze,-1,5,2048,BPI20PrepaidTravelCosts,,5e-05,nep,1,,lstm,sum,1235988514,61059106,0.1,qpjmonxj,stellar-terrain-68,1.043218865441804,0.6505335403515605,0.8650749063670412,165,9,0.6623762376237624,0.43401091777430045,1.0242719684260906,0.6505335403515605,1.2019982003693532,1.3494996182281191,0.6623762376237624,1.0599580639187651,0.6694648612304573,0.6694648612304573,0.9859436195675688,0.8650749063670412,1763547471.305799,0.43401091777430045,165.86431735,,43.0
llama32-1b,8,['activity'],['activity'],"['accumulated_time', 'day_of_month', 'day_of_week', 'day_of_year', 'hour_of_day', 'min_of_hour', 'month_of_year', 'sec_of_min', 'secs_within_day', 'week_of_year']","['remaining_time', 'time_to_next_event']",cuda,2048,10,freeze,-1,5,2048,BPI20PrepaidTravelCosts,,5e-05,nep,1,,lstm,sum,1235988514,61059106,0.1,v6h86u2c,astral-brook-69,1.081241783293167,0.648031875524628,0.8542134831460674,170,9,0.666930693069307,0.4841700782043657,0.922495972756112,0.648031875524628,1.011760284121674,1.011760284121674,0.6524752475247525,0.9667468393911228,0.6479374727283078,0.6479374727283078,0.9276176685862022,0.8542134831460674,1763547682.3632238,0.4841700782043657,170.11422794,,44.0
llama32-1b,8,['activity'],['activity'],"['accumulated_time', 'day_of_month', 'day_of_week', 'day_of_year', 'hour_of_day', 'min_of_hour', 'month_of_year', 'sec_of_min', 'secs_within_day', 'week_of_year']","['remaining_time', 'time_to_next_event']",cuda,2048,10,freeze,-1,5,2048,BPI20PrepaidTravelCosts,,5e-05,nep,1,,lstm,sum,1235988514,61059106,0.1,vpkt5yyh,cerulean-water-70,1.0243592956278584,0.6581938255927089,0.8625468164794008,167,9,0.6633663366336634,0.44005727629536545,1.0243592956278584,0.6581938255927089,1.149035569370383,1.3025415074943316,0.6605940594059406,1.01241046593921,0.6783842679713102,0.6847428946236099,0.9923793634093634,0.8625468164794008,1763547892.7096007,0.44005727629536545,167.280528529,,45.0
llama32-1b,8,['activity'],['activity'],"['accumulated_time', 'day_of_month', 'day_of_week', 'day_of_year', 'hour_of_day', 'min_of_hour', 'month_of_year', 'sec_of_min', 'secs_within_day', 'week_of_year']","['remaining_time', 'time_to_next_event']",cuda,2048,10,freeze,,5,2048,BPI20PrepaidTravelCosts,,5e-05,nep,1,,lstm,sum,1235988514,241698,0.1,wo9wfj5z,misunderstood-wind-71,1.321797095855864,0.6693399936742104,0.8086142322097378,156,9,0.6085148514851485,0.6618841513265831,1.321797095855864,0.6693399936742104,1.0747772729514848,1.1163503092586404,0.6067326732673267,0.9765437068561515,0.6444715201854706,0.6444715201854706,0.9765437068561515,0.8086142322097378,1763548089.8668466,0.6618841513265831,156.73638284,,41.0
llama32-1b,8,['activity'],['activity'],"['accumulated_time', 'day_of_month', 'day_of_week', 'day_of_year', 'hour_of_day', 'min_of_hour', 'month_of_year', 'sec_of_min', 'secs_within_day', 'week_of_year']","['remaining_time', 'time_to_next_event']",cuda,2048,10,freeze,,5,2048,BPI20PrepaidTravelCosts,,5e-05,nep,1,,lstm,sum,1235988514,241698,0.1,hgwtw8yk,exalted-elevator-72,1.2925686633232796,0.6914359965686048,0.8108614232209738,158,9,0.6146534653465346,0.679367468955365,1.2925686633232796,0.6914359965686048,1.1101609151670249,1.1317161957580264,0.6146534653465346,1.0164889829465658,0.6576164289806666,0.6576164289806666,0.9968989419465016,0.8108614232209738,1763548289.0989304,0.679367468955365,158.583885468,,42.0
llama32-1b,8,['activity'],['activity'],"['accumulated_time', 'day_of_month', 'day_of_week', 'day_of_year', 'hour_of_day', 'min_of_hour', 'month_of_year', 'sec_of_min', 'secs_within_day', 'week_of_year']","['remaining_time', 'time_to_next_event']",cuda,2048,10,freeze,,5,2048,BPI20PrepaidTravelCosts,,5e-05,nep,1,,lstm,sum,1235988514,241698,0.1,j98gf24t,efficient-yogurt-73,1.3017477452873003,0.6908645882979314,0.8118913857677903,158,9,0.6148514851485148,0.6749262186918366,1.3017477452873003,0.6908645882979314,1.085587379153412,1.0968984852214851,0.6148514851485148,1.0051793270772047,0.6554408034023721,0.6554408034023721,0.995208329682303,0.8118913857677903,1763548488.4922612,0.6749262186918366,158.700200142,,43.0
llama32-1b,8,['activity'],['activity'],"['accumulated_time', 'day_of_month', 'day_of_week', 'day_of_year', 'hour_of_day', 'min_of_hour', 'month_of_year', 'sec_of_min', 'secs_within_day', 'week_of_year']","['remaining_time', 'time_to_next_event']",cuda,2048,10,freeze,,5,2048,BPI20PrepaidTravelCosts,,5e-05,nep,1,,lstm,sum,1235988514,241698,0.1,z88dim9m,vital-firebrand-74,1.359213959344543,0.6915532446421041,0.8103932584269663,153,9,0.6128712871287129,0.6838567497578453,1.359213959344543,0.6915532446421041,1.1026549352513682,1.1320404897822012,0.6128712871287129,1.0164469526309778,0.6512455682517884,0.6512455682517884,1.0045696079140842,0.8103932584269663,1763548682.0753987,0.6838567497578453,153.305523275,,44.0
llama32-1b,8,['activity'],['activity'],"['accumulated_time', 'day_of_month', 'day_of_week', 'day_of_year', 'hour_of_day', 'min_of_hour', 'month_of_year', 'sec_of_min', 'secs_within_day', 'week_of_year']","['remaining_time', 'time_to_next_event']",cuda,2048,10,freeze,,5,2048,BPI20PrepaidTravelCosts,,5e-05,nep,1,,lstm,sum,1235988514,241698,0.1,45q8mi1h,apricot-wildflower-75,1.3048215430797916,0.694465491242623,0.8110486891385768,158,9,0.615049504950495,0.6767476410901502,1.3048215430797916,0.694465491242623,1.0913680308408076,1.1096150081936675,0.615049504950495,1.0097631270342533,0.6586958479791991,0.6586958479791991,0.9915106460835674,0.8110486891385768,1763548880.9011726,0.6767476410901502,158.688497059,,45.0
llama32-1b,8,['activity'],['activity'],"['accumulated_time', 'day_of_month', 'day_of_week', 'day_of_year', 'hour_of_day', 'min_of_hour', 'month_of_year', 'sec_of_min', 'secs_within_day', 'week_of_year']","['remaining_time', 'time_to_next_event']",cuda,2048,0,freeze,,5,2048,BPI20PrepaidTravelCosts,,5e-05,nep,1,,lstm,sum,1235988514,241698,0.1,kj3om0qb,wise-aardvark-76,4.311480635085909,,,3,0,0.0049504950495049506,,4.311480635085909,,16.85243706731513,16.85243706731513,0.0049504950495049506,1.7812142657289411,,,1.7812142657289411,,1763548924.6243992,,3.23046226,,41.0
llama32-1b,8,['activity'],['activity'],"['accumulated_time', 'day_of_month', 'day_of_week', 'day_of_year', 'hour_of_day', 'min_of_hour', 'month_of_year', 'sec_of_min', 'secs_within_day', 'week_of_year']","['remaining_time', 'time_to_next_event']",cuda,2048,0,freeze,,5,2048,BPI20PrepaidTravelCosts,,5e-05,nep,1,,lstm,sum,1235988514,241698,0.1,jg9g0udp,ancient-waterfall-77,4.2337913256352495,,,3,0,0.004158415841584159,,4.2337913256352495,,2.937112759127475,2.937112759127475,0.004158415841584159,3.2574454343436967,,,3.2574454343436967,,1763548974.233439,,3.494874908,,42.0
llama32-1b,8,['activity'],['activity'],"['accumulated_time', 'day_of_month', 'day_of_week', 'day_of_year', 'hour_of_day', 'min_of_hour', 'month_of_year', 'sec_of_min', 'secs_within_day', 'week_of_year']","['remaining_time', 'time_to_next_event']",cuda,2048,0,freeze,,5,2048,BPI20PrepaidTravelCosts,,5e-05,nep,1,,lstm,sum,1235988514,241698,0.1,31evybna,light-lake-78,4.024894685650816,,,3,0,0.04831683168316832,,4.024894685650816,,5.171629148615469,5.171629148615469,0.04831683168316832,2.614295510018226,,,2.614295510018226,,1763549016.3891263,,3.242020246,,43.0
llama32-1b,8,['activity'],['activity'],"['accumulated_time', 'day_of_month', 'day_of_week', 'day_of_year', 'hour_of_day', 'min_of_hour', 'month_of_year', 'sec_of_min', 'secs_within_day', 'week_of_year']","['remaining_time', 'time_to_next_event']",cuda,2048,0,freeze,,5,2048,BPI20PrepaidTravelCosts,,5e-05,nep,1,,lstm,sum,1235988514,241698,0.1,lza2lg5h,eternal-bee-79,3.960033042832176,,,3,0,0.015445544554455444,,3.960033042832176,,2.3918519762246917,2.3918519762246917,0.015445544554455444,4.428041421115989,,,4.428041421115989,,1763549059.1655326,,3.245949162,,44.0
llama32-1b,8,['activity'],['activity'],"['accumulated_time', 'day_of_month', 'day_of_week', 'day_of_year', 'hour_of_day', 'min_of_hour', 'month_of_year', 'sec_of_min', 'secs_within_day', 'week_of_year']","['remaining_time', 'time_to_next_event']",cuda,2048,0,freeze,,5,2048,BPI20PrepaidTravelCosts,,5e-05,nep,1,,lstm,sum,1235988514,241698,0.1,myz2o0t1,flowing-blaze-80,4.442060471336441,,,3,0,0.04495049504950495,,4.442060471336441,,2.264627360542222,2.264627360542222,0.04495049504950495,17.70238521764774,,,17.70238521764774,,1763549102.0568533,,3.55914617,,45.0
llama32-1b,8,['activity'],['activity'],"['accumulated_time', 'day_of_month', 'day_of_week', 'day_of_year', 'hour_of_day', 'min_of_hour', 'month_of_year', 'sec_of_min', 'secs_within_day', 'week_of_year']","['remaining_time', 'time_to_next_event']",cuda,2048,10,freeze,,5,2048,BPI20PrepaidTravelCosts,,5e-05,nep,1,,lstm,sum,1235988514,241698,0.1,lzrkelyd,vague-wave-81,3.1788371597894347,1.1241349167959138,0.4017467248908297,35,9,0.17564356435643563,2.4025646109768397,3.1788371597894347,1.1241349167959138,1.2594535422561193,1.2594535422561193,0.17564356435643563,1.0708996508381154,1.0861916578492743,1.0861916578492743,1.0708996508381154,0.4017467248908297,1763549176.764593,2.4025646109768397,35.102475467,8.0,41.0
llama32-1b,8,['activity'],['activity'],"['accumulated_time', 'day_of_month', 'day_of_week', 'day_of_year', 'hour_of_day', 'min_of_hour', 'month_of_year', 'sec_of_min', 'secs_within_day', 'week_of_year']","['remaining_time', 'time_to_next_event']",cuda,2048,10,freeze,,5,2048,BPI20PrepaidTravelCosts,,5e-05,nep,1,,lstm,sum,1235988514,241698,0.1,l8ev2xek,serene-sound-82,3.1411645254758325,0.5783598462371847,0.37117903930131,35,9,0.1097029702970297,2.401474998507437,3.1411645254758325,0.5783598462371847,1.293105140062842,1.293105140062842,0.1097029702970297,1.052195531259669,0.7920812777036143,0.7920812777036143,1.052195531259669,0.37117903930131,1763549251.1126018,2.401474998507437,35.342071287,8.0,42.0
llama32-1b,8,['activity'],['activity'],"['accumulated_time', 'day_of_month', 'day_of_week', 'day_of_year', 'hour_of_day', 'min_of_hour', 'month_of_year', 'sec_of_min', 'secs_within_day', 'week_of_year']","['remaining_time', 'time_to_next_event']",cuda,2048,10,freeze,,5,2048,BPI20PrepaidTravelCosts,,5e-05,nep,1,,lstm,sum,1235988514,241698,0.1,n03vl5zu,winter-serenity-83,3.276914626395348,1.4960341621434323,0.3930131004366812,35,9,0.07841584158415842,2.5379865179936436,3.276914626395348,1.4960341621434323,1.3844507264618826,1.3844507264618826,0.0702970297029703,1.268304732294366,1.012557861586325,1.012557861586325,1.268304732294366,0.3930131004366812,1763549325.9030592,2.5379865179936436,35.449219512,8.0,43.0
llama32-1b,8,['activity'],['activity'],"['accumulated_time', 'day_of_month', 'day_of_week', 'day_of_year', 'hour_of_day', 'min_of_hour', 'month_of_year', 'sec_of_min', 'secs_within_day', 'week_of_year']","['remaining_time', 'time_to_next_event']",cuda,2048,10,freeze,,5,2048,BPI20PrepaidTravelCosts,,5e-05,nep,1,,lstm,sum,1235988514,241698,0.1,e1qg0boh,likely-vortex-84,3.2071727767793257,1.1244007283293005,0.4279475982532751,35,9,0.18752475247524752,2.361290685995177,3.2071727767793257,1.1244007283293005,1.2285648988025024,1.2285648988025024,0.18752475247524752,1.1188715996128498,1.1255762704595207,1.1255762704595207,1.1188715996128498,0.4279475982532751,1763549401.1731417,2.361290685995177,35.655350275,8.0,44.0
llama32-1b,8,['activity'],['activity'],"['accumulated_time', 'day_of_month', 'day_of_week', 'day_of_year', 'hour_of_day', 'min_of_hour', 'month_of_year', 'sec_of_min', 'secs_within_day', 'week_of_year']","['remaining_time', 'time_to_next_event']",cuda,2048,10,freeze,,5,2048,BPI20PrepaidTravelCosts,,5e-05,nep,1,,lstm,sum,1235988514,241698,0.1,tj5jxguz,giddy-universe-85,3.2959981147841653,0.9436726174500312,0.4366812227074236,35,9,0.059207920792079205,2.4085442280665235,3.2959981147841653,0.9436726174500312,1.395396483487422,1.395396483487422,0.059207920792079205,1.1650086208381276,0.853707968928408,0.853707968928408,1.1650086208381276,0.4366812227074236,1763549476.381377,2.4085442280665235,35.832452195,8.0,45.0
llama32-1b,8,['activity'],['activity'],"['accumulated_time', 'day_of_month', 'day_of_week', 'day_of_year', 'hour_of_day', 'min_of_hour', 'month_of_year', 'sec_of_min', 'secs_within_day', 'week_of_year']","['remaining_time', 'time_to_next_event']",cuda,2048,10,lora,,5,2048,BPI20PrepaidTravelCosts,512,5e-05,nep,1,256,lstm,sum,1416343586,180529186,0.1,r4ip82o5,cosmic-shadow-86,3.9723524875452023,1.5556046166274224,0.4104803493449782,73,9,0.0893069306930693,2.161104972706091,3.182121393184851,1.4746896840599426,1.4680793673449224,2.0494439574515466,0.04514851485148515,1.935323388883383,1.3597201332775266,1.3597201332775266,1.260046362546411,0.3624454148471616,1763549593.6656864,2.1058264403364024,73.087553029,8.0,41.0
llama32-1b,8,['activity'],['activity'],"['accumulated_time', 'day_of_month', 'day_of_week', 'day_of_year', 'hour_of_day', 'min_of_hour', 'month_of_year', 'sec_of_min', 'secs_within_day', 'week_of_year']","['remaining_time', 'time_to_next_event']",cuda,2048,10,lora,,5,2048,BPI20PrepaidTravelCosts,512,5e-05,nep,1,256,lstm,sum,1416343586,180529186,0.1,r8lujl8y,lemon-violet-87,3.40658588975963,0.930768325339238,0.0960698689956332,73,9,0.09623762376237624,3.428620817359358,2.996106670870639,0.930768325339238,1.5926722262165334,1.5926722262165334,0.03207920792079208,1.7753383644972698,1.1090140498881778,1.121687712107163,1.207786679881634,0.03930131004366813,1763549758.5632532,3.3883908450863767,73.278013573,8.0,42.0
llama32-1b,8,['activity'],['activity'],"['accumulated_time', 'day_of_month', 'day_of_week', 'day_of_year', 'hour_of_day', 'min_of_hour', 'month_of_year', 'sec_of_min', 'secs_within_day', 'week_of_year']","['remaining_time', 'time_to_next_event']",cuda,2048,10,lora,,5,2048,BPI20PrepaidTravelCosts,512,5e-05,nep,1,256,lstm,sum,1416343586,180529186,0.1,kfhkwscj,confused-wind-88,7.30503364789604,5.271226291052639,0.048034934497816595,72,9,0.10277227722772277,8.940567378914512,3.428374957471791,2.103873886525891,1.5798177729502765,4.654582419064965,0.0,1.581445722485533,1.4393803850792382,3.0612902391425387,1.4335500078862256,0.03056768558951965,1763549895.1321545,3.4891361419811,72.331900741,8.0,43.0
llama32-1b,8,['activity'],['activity'],"['accumulated_time', 'day_of_month', 'day_of_week', 'day_of_year', 'hour_of_day', 'min_of_hour', 'month_of_year', 'sec_of_min', 'secs_within_day', 'week_of_year']","['remaining_time', 'time_to_next_event']",cuda,2048,10,lora,,5,2048,BPI20PrepaidTravelCosts,512,5e-05,nep,1,256,lstm,sum,1416343586,180529186,0.1,3ascvl78,copper-hill-89,3.245509765549462,1.7093386371583397,0.034934497816593885,72,9,0.08514851485148515,3.4600954388947467,3.245509765549462,1.7093386371583397,1.530001753155548,1.5509231510728894,0.06514851485148515,1.348791114504975,1.4047161658257896,1.43530431428851,1.1949240219947137,0.034934497816593885,1763550015.7394452,3.434305440911039,72.834209452,8.0,44.0
llama32-1b,8,['activity'],['activity'],"['accumulated_time', 'day_of_month', 'day_of_week', 'day_of_year', 'hour_of_day', 'min_of_hour', 'month_of_year', 'sec_of_min', 'secs_within_day', 'week_of_year']","['remaining_time', 'time_to_next_event']",cuda,2048,10,lora,,5,2048,BPI20PrepaidTravelCosts,512,5e-05,nep,1,256,lstm,sum,1416343586,180529186,0.1,tz0baihr,spring-sky-90,3.665039811087127,0.9764251581446052,0.40611353711790393,70,9,0.14455445544554454,2.090834167846946,3.417398792304615,0.9764251581446052,1.586728039354381,11.20665318706248,0.0700990099009901,2.188799521568978,1.134263234888102,1.134263234888102,1.309689997493631,0.40611353711790393,1763550186.170586,2.090834167846946,70.852711358,8.0,45.0
llama32-1b,8,['activity'],['activity'],"['accumulated_time', 'day_of_month', 'day_of_week', 'day_of_year', 'hour_of_day', 'min_of_hour', 'month_of_year', 'sec_of_min', 'secs_within_day', 'week_of_year']","['remaining_time', 'time_to_next_event']",cuda,2048,10,lora,,5,2048,BPI20TravelPermitData,512,5e-05,nep,1,256,lstm,sum,1416429623,180615223,0.1,lx5ip5y9,major-tree-91,1.0339925810156432,0.7677390614840514,0.7636763175141679,720,9,0.7497993207780179,0.847063270207658,0.8859674016794109,0.7506851639283081,0.9153837270227322,0.9706109099639864,0.7207780179067613,0.9693863075506028,0.5700153105288078,0.5700153105288078,0.953887471213463,0.7512625775858746,1763552779.0373404,0.7977413223594849,720.431126131,,41.0
llama32-1b,8,['activity'],['activity'],"['accumulated_time', 'day_of_month', 'day_of_week', 'day_of_year', 'hour_of_day', 'min_of_hour', 'month_of_year', 'sec_of_min', 'secs_within_day', 'week_of_year']","['remaining_time', 'time_to_next_event']",cuda,2048,10,lora,,5,2048,BPI20TravelPermitData,512,5e-05,nep,1,256,lstm,sum,1416429623,180615223,0.1,0g8hju91,earnest-vortex-92,0.9464334899534887,0.7582575709134383,0.7341840471876325,719,9,0.7362148811361532,0.925350777980352,0.9464334899534887,0.7582575709134383,0.8795155571433783,0.907805958865932,0.7362148811361532,0.978291300543667,0.5865999830500319,0.5865999830500319,0.9232801208307656,0.7341840471876325,1763553755.499853,0.925350777980352,719.508723188,,42.0
llama32-1b,8,['activity'],['activity'],"['accumulated_time', 'day_of_month', 'day_of_week', 'day_of_year', 'hour_of_day', 'min_of_hour', 'month_of_year', 'sec_of_min', 'secs_within_day', 'week_of_year']","['remaining_time', 'time_to_next_event']",cuda,2048,10,lora,,5,2048,BPI20TravelPermitData,512,5e-05,nep,1,256,lstm,sum,1416429623,180615223,0.1,ct13i5xj,lunar-sun-93,0.9890478386780333,0.7521318941165231,0.7917807162959251,711,9,0.7422352577956159,0.7780339980650263,0.9009051088861346,0.7521318941165231,0.87681031364024,0.9243630638605432,0.7190490892250695,0.818037687580171,0.5689937015134756,0.5689937015134756,0.818037687580171,0.7731408304098076,1763554529.1863098,0.7276219665013796,711.834649133,,43.0
llama32-1b,8,['activity'],['activity'],"['accumulated_time', 'day_of_month', 'day_of_week', 'day_of_year', 'hour_of_day', 'min_of_hour', 'month_of_year', 'sec_of_min', 'secs_within_day', 'week_of_year']","['remaining_time', 'time_to_next_event']",cuda,2048,10,lora,,5,2048,BPI20TravelPermitData,512,5e-05,nep,1,256,lstm,sum,1416429623,180615223,0.1,xxsidgtl,grateful-frost-94,0.9758836778603648,0.7415673997197313,0.7697097035352173,713,9,0.7538129052176598,0.7621035883782286,0.8790364061987448,0.7415673997197313,0.9066484125649056,0.9066484125649056,0.6959555418338994,1.0085750768861126,0.5621267681091678,0.5638823635691487,0.830723600808615,0.7697097035352173,1763555257.474182,0.7621035883782286,713.630386188,,44.0
llama32-1b,8,['activity'],['activity'],"['accumulated_time', 'day_of_month', 'day_of_week', 'day_of_year', 'hour_of_day', 'min_of_hour', 'month_of_year', 'sec_of_min', 'secs_within_day', 'week_of_year']","['remaining_time', 'time_to_next_event']",cuda,2048,10,lora,,5,2048,BPI20TravelPermitData,512,5e-05,nep,1,256,lstm,sum,1416429623,180615223,0.1,5kvr7dvn,stellar-serenity-95,1.2605334400578612,0.735104432115761,0.7984502101083311,717,9,0.7306576103735721,0.6993062252334541,0.9493032358280852,0.735104432115761,0.8769036692577808,1.0409096759644214,0.6414016671812288,0.9743360985793904,0.5496292919801753,0.5496292919801753,0.8851897113078094,0.7984502101083311,1763555990.0323136,0.6993062252334541,717.295143158,,45.0
llama32-1b,8,['activity'],['activity'],"['accumulated_time', 'day_of_month', 'day_of_week', 'day_of_year', 'hour_of_day', 'min_of_hour', 'month_of_year', 'sec_of_min', 'secs_within_day', 'week_of_year']","['remaining_time', 'time_to_next_event']",cuda,2048,10,freeze,"-1,-2",5,2048,BPI20TravelPermitData,,5e-05,nep,1,,lstm,sum,1236074551,121962551,0.1,87ee13tt,vivid-rain-96,1.029209867161194,0.6783637206433728,0.8391803847488338,523,9,0.6841000308737265,0.5105976163892887,1.0009475613788676,0.6783637206433728,0.8672800142112136,1.0062511212077174,0.6841000308737265,1.1216913090182072,0.5292035533457292,0.5292035533457292,0.8853944467077582,0.8391803847488338,1763556527.2847357,0.5105976163892887,523.71200796,,41.0
llama32-1b,8,['activity'],['activity'],"['accumulated_time', 'day_of_month', 'day_of_week', 'day_of_year', 'hour_of_day', 'min_of_hour', 'month_of_year', 'sec_of_min', 'secs_within_day', 'week_of_year']","['remaining_time', 'time_to_next_event']",cuda,2048,10,freeze,"-1,-2",5,2048,BPI20TravelPermitData,,5e-05,nep,1,,lstm,sum,1236074551,121962551,0.1,k6z75ik2,sunny-field-97,1.131481729138225,0.6428199944763996,0.8409152241798065,521,9,0.6625192960790367,0.5004711881848095,1.0835987672867615,0.6428199944763996,0.9446155643198144,0.9722179057753428,0.661191725841309,0.9690588328086804,0.5004866393337943,0.5004866393337943,0.818817382081124,0.8409152241798065,1763557061.9757206,0.5004711881848095,521.965110911,,42.0
llama32-1b,8,['activity'],['activity'],"['accumulated_time', 'day_of_month', 'day_of_week', 'day_of_year', 'hour_of_day', 'min_of_hour', 'month_of_year', 'sec_of_min', 'secs_within_day', 'week_of_year']","['remaining_time', 'time_to_next_event']",cuda,2048,10,freeze,"-1,-2",5,2048,BPI20TravelPermitData,,5e-05,nep,1,,lstm,sum,1236074551,121962551,0.1,7jfjn309,upbeat-aardvark-98,1.2214631820542092,0.6332066996003168,0.8404718763252246,522,9,0.6596480395183699,0.49974500605831984,1.0652514661157084,0.6332066996003168,0.9165193195878888,1.0192754026179185,0.6504167953071935,0.9816875800780214,0.48813091234269435,0.48813091234269435,0.9191595901048784,0.8404718763252246,1763557596.936817,0.49974500605831984,522.447794517,,43.0
llama32-1b,8,['activity'],['activity'],"['accumulated_time', 'day_of_month', 'day_of_week', 'day_of_year', 'hour_of_day', 'min_of_hour', 'month_of_year', 'sec_of_min', 'secs_within_day', 'week_of_year']","['remaining_time', 'time_to_next_event']",cuda,2048,10,freeze,"-1,-2",5,2048,BPI20TravelPermitData,,5e-05,nep,1,,lstm,sum,1236074551,121962551,0.1,dge73xe3,celestial-forest-99,1.1837315716320955,0.659703792568492,0.8385828289448322,523,9,0.6801173201605434,0.5089428226206673,1.0355343353752002,0.659703792568492,0.9096083677267728,1.1157408433698068,0.6557888237110219,0.9660554098545604,0.5120079681984447,0.5120079681984447,0.818049843998079,0.8385828289448322,1763558133.753728,0.5089428226206673,523.772445789,,44.0
llama32-1b,8,['activity'],['activity'],"['accumulated_time', 'day_of_month', 'day_of_week', 'day_of_year', 'hour_of_day', 'min_of_hour', 'month_of_year', 'sec_of_min', 'secs_within_day', 'week_of_year']","['remaining_time', 'time_to_next_event']",cuda,2048,10,freeze,"-1,-2",5,2048,BPI20TravelPermitData,,5e-05,nep,1,,lstm,sum,1236074551,121962551,0.1,lot2zriv,expert-night-100,1.0765389569934116,0.6695486470431341,0.8404718763252246,522,9,0.6895029330040136,0.5005738385829678,1.0365893832398403,0.6695486470431341,0.8880614112578413,1.0473033080611858,0.6686322939178759,0.9735597751802336,0.5356186238024201,0.5356186238024201,0.8888915268938348,0.8404718763252246,1763558668.987841,0.5005738385829678,522.538982555,,45.0
llama32-1b,8,['activity'],['activity'],"['accumulated_time', 'day_of_month', 'day_of_week', 'day_of_year', 'hour_of_day', 'min_of_hour', 'month_of_year', 'sec_of_min', 'secs_within_day', 'week_of_year']","['remaining_time', 'time_to_next_event']",cuda,2048,10,freeze,"0,1",5,2048,BPI20TravelPermitData,,5e-05,nep,1,,lstm,sum,1236074551,121962551,0.1,4029evmw,misty-night-101,1.1619792683840755,0.6712235891256939,0.8353251860133389,521,9,0.6670268601420192,0.5214768042105368,1.1619792683840755,0.6712235891256939,0.8721598100205857,1.254014641460573,0.6670268601420192,0.9680923962453222,0.5248272883147087,0.5248272883147087,0.8338782271326012,0.8353251860133389,1763559213.9426453,0.5214768042105368,521.606520482,,41.0
llama32-1b,8,['activity'],['activity'],"['accumulated_time', 'day_of_month', 'day_of_week', 'day_of_year', 'hour_of_day', 'min_of_hour', 'month_of_year', 'sec_of_min', 'secs_within_day', 'week_of_year']","['remaining_time', 'time_to_next_event']",cuda,2048,10,freeze,"0,1",5,2048,BPI20TravelPermitData,,5e-05,nep,1,,lstm,sum,1236074551,121962551,0.1,si626y0m,fanciful-resonance-102,1.2880944784646713,0.6783141466659369,0.8338987624812059,521,9,0.6541216424822476,0.5234356798420315,1.2250067463256795,0.6783141466659369,0.908434292651062,1.2545875289036044,0.6503241741278172,0.9784341006560175,0.5265497807994272,0.5265497807994272,0.8252463523014418,0.8338987624812059,1763559750.5094345,0.5234356798420315,521.709524545,,42.0
llama32-1b,8,['activity'],['activity'],"['accumulated_time', 'day_of_month', 'day_of_week', 'day_of_year', 'hour_of_day', 'min_of_hour', 'month_of_year', 'sec_of_min', 'secs_within_day', 'week_of_year']","['remaining_time', 'time_to_next_event']",cuda,2048,10,freeze,"0,1",5,2048,BPI20TravelPermitData,,5e-05,nep,1,,lstm,sum,1236074551,121962551,0.1,xidr3l41,good-resonance-103,1.1872072302879246,0.6648873600367293,0.8337252785381086,521,9,0.6690027786353813,0.5352021428787689,1.1872072302879246,0.6648873600367293,0.9612124629431428,1.0010410127466054,0.6690027786353813,1.1748451568271394,0.5226170551143131,0.5231736363154653,0.8220209384928813,0.8337252785381086,1763560285.3529198,0.5352021428787689,521.557776592,,43.0
llama32-1b,8,['activity'],['activity'],"['accumulated_time', 'day_of_month', 'day_of_week', 'day_of_year', 'hour_of_day', 'min_of_hour', 'month_of_year', 'sec_of_min', 'secs_within_day', 'week_of_year']","['remaining_time', 'time_to_next_event']",cuda,2048,10,freeze,"0,1",5,2048,BPI20TravelPermitData,,5e-05,nep,1,,lstm,sum,1236074551,121962551,0.1,xw4grgyn,clean-sea-104,1.204609511405754,0.6688562666213091,0.8348625621650796,521,9,0.6638777400432232,0.5226812229945493,1.18008497708666,0.6688562666213091,0.8981521426251216,1.1832597923926564,0.6580426057425132,0.8568867128695482,0.5271454947534967,0.5271454947534967,0.821842251901606,0.8348625621650796,1763560819.2426186,0.5226812229945493,521.241801142,,44.0
llama32-1b,8,['activity'],['activity'],"['accumulated_time', 'day_of_month', 'day_of_week', 'day_of_year', 'hour_of_day', 'min_of_hour', 'month_of_year', 'sec_of_min', 'secs_within_day', 'week_of_year']","['remaining_time', 'time_to_next_event']",cuda,2048,10,freeze,"0,1",5,2048,BPI20TravelPermitData,,5e-05,nep,1,,lstm,sum,1236074551,121962551,0.1,36jen5es,rural-wildflower-105,1.1363376625675814,0.6736926367556866,0.8348432861714021,521,9,0.6694967582587218,0.5216175350715846,1.1363376625675814,0.6736926367556866,0.979728103648295,1.2321570775360926,0.6694967582587218,0.9834640462886556,0.5264151514373872,0.5264151514373872,0.8408733548997324,0.8348432861714021,1763561353.5355587,0.5216175350715846,521.580292693,,45.0
llama32-1b,8,['activity'],['activity'],"['accumulated_time', 'day_of_month', 'day_of_week', 'day_of_year', 'hour_of_day', 'min_of_hour', 'month_of_year', 'sec_of_min', 'secs_within_day', 'week_of_year']","['remaining_time', 'time_to_next_event']",cuda,2048,10,freeze,0,5,2048,BPI20TravelPermitData,,5e-05,nep,1,,lstm,sum,1236074551,61145143,0.1,9f9g3pca,glowing-sun-106,1.2895153939558348,0.679538540568264,0.8288870041250627,473,9,0.6541833899351652,0.553946770084516,1.2895153939558348,0.679538540568264,0.9501537716068504,1.236513399511033,0.6541833899351652,0.8676539131063266,0.516281735761949,0.516281735761949,0.800197680491877,0.8288870041250627,1763561839.9384353,0.553946770084516,473.754201706,,41.0
llama32-1b,8,['activity'],['activity'],"['accumulated_time', 'day_of_month', 'day_of_week', 'day_of_year', 'hour_of_day', 'min_of_hour', 'month_of_year', 'sec_of_min', 'secs_within_day', 'week_of_year']","['remaining_time', 'time_to_next_event']",cuda,2048,10,freeze,0,5,2048,BPI20TravelPermitData,,5e-05,nep,1,,lstm,sum,1236074551,61145143,0.1,3lro9igy,honest-water-107,1.2857936463410489,0.6780918352338922,0.8263618489533135,473,9,0.649644952145724,0.5608740324797399,1.2857936463410489,0.6780918352338922,1.0095756515451109,1.1853861193113688,0.649644952145724,0.9129495786494332,0.513395099771515,0.513395099771515,0.8626422180736385,0.8263618489533135,1763562326.3938506,0.5608740324797399,473.583617171,,42.0
llama32-1b,8,['activity'],['activity'],"['accumulated_time', 'day_of_month', 'day_of_week', 'day_of_year', 'hour_of_day', 'min_of_hour', 'month_of_year', 'sec_of_min', 'secs_within_day', 'week_of_year']","['remaining_time', 'time_to_next_event']",cuda,2048,10,freeze,0,5,2048,BPI20TravelPermitData,,5e-05,nep,1,,lstm,sum,1236074551,61145143,0.1,mz2qnwpu,skilled-elevator-108,1.199216421845151,0.6727076436923737,0.8273642006245422,475,9,0.6634455078728002,0.5599878114017719,1.1988792960015886,0.6727076436923737,0.9768800396873611,1.0039604755859752,0.6628589070700833,0.9598419634344107,0.5156866542504092,0.5156866542504092,0.8241323754021178,0.8273642006245422,1763562814.9286978,0.5599878114017719,475.871408409,,43.0
llama32-1b,8,['activity'],['activity'],"['accumulated_time', 'day_of_month', 'day_of_week', 'day_of_year', 'hour_of_day', 'min_of_hour', 'month_of_year', 'sec_of_min', 'secs_within_day', 'week_of_year']","['remaining_time', 'time_to_next_event']",cuda,2048,10,freeze,0,5,2048,BPI20TravelPermitData,,5e-05,nep,1,,lstm,sum,1236074551,61145143,0.1,kroiayb7,rural-wood-109,1.3263875499041076,0.6650303653828957,0.8303519796445507,474,9,0.653627662858907,0.5507426133404545,1.2986536192651073,0.6650303653828957,0.9440988025977384,1.0817857187594409,0.653504167953072,0.8638965942345125,0.5104018604338567,0.5104018604338567,0.7922065130977507,0.8303519796445507,1763563302.0357552,0.5507426133404545,474.378217844,,44.0
llama32-1b,8,['activity'],['activity'],"['accumulated_time', 'day_of_month', 'day_of_week', 'day_of_year', 'hour_of_day', 'min_of_hour', 'month_of_year', 'sec_of_min', 'secs_within_day', 'week_of_year']","['remaining_time', 'time_to_next_event']",cuda,2048,10,freeze,0,5,2048,BPI20TravelPermitData,,5e-05,nep,1,,lstm,sum,1236074551,61145143,0.1,w05fu9yy,radiant-armadillo-110,1.2109302594949525,0.6802679494111217,0.8297929758279039,473,9,0.6648348255634455,0.5506368099969879,1.2109302594949525,0.6802679494111217,0.9474428663875042,1.0694189919038628,0.6648348255634455,0.8849281932587019,0.5173479068058211,0.5173479068058211,0.8081521446449442,0.8297929758279039,1763563788.4574978,0.5506368099969879,473.661395044,,45.0
