backbone,batch_size,categorical_features,categorical_targets,continuous_features,continuous_targets,device,embedding_size,epochs,fine_tuning,freeze_layers,grad_clip,hidden_size,log,lora_alpha,lr,model,n_layers,r,rnn_type,strategy,total_params,trainable_params,weight_decay,id,name,test_next_activity_loss,train_next_time_to_next_event_loss,best_train_next_activity_acc,_wandb.runtime,_step,best_test_next_activity_acc,train_next_activity_loss,best_test_next_activity_loss,best_train_next_time_to_next_event_loss,best_test_next_time_to_next_event_loss,test_next_time_to_next_event_loss,test_next_activity_acc,test_next_remaining_time_loss,best_train_next_remaining_time_loss,train_next_remaining_time_loss,best_test_next_remaining_time_loss,train_next_activity_acc,_timestamp,best_train_next_activity_loss,_runtime,majority_stat,few_shot_k,seed
gemma-2-2b,8,['activity'],['activity'],"['accumulated_time', 'day_of_month', 'day_of_week', 'day_of_year', 'hour_of_day', 'min_of_hour', 'month_of_year', 'sec_of_min', 'secs_within_day', 'week_of_year']","['remaining_time', 'time_to_next_event']",cuda,2304,10,lora,,5,2304,BPI12,512,5e-05,nep,1,256,lstm,sum,2946782237,332440349,0.1,95ukkaqm,fragrant-grass-1,1.0973963368985529,0.7608585619200118,0.818624198186242,3371,9,0.6155454675436088,0.5442782463082299,1.0973963368985529,0.7318441008435659,1.418904579479715,1.5724763939265187,0.6155454675436088,2.72392400473352,0.6645123375135675,0.6645123375135675,2.132930409337942,0.7918176713797151,1762685394.1423972,0.4933859396091986,3371.351219481,,,
gemma-2-2b,8,['activity'],['activity'],"['accumulated_time', 'day_of_month', 'day_of_week', 'day_of_year', 'hour_of_day', 'min_of_hour', 'month_of_year', 'sec_of_min', 'secs_within_day', 'week_of_year']","['remaining_time', 'time_to_next_event']",cuda,2304,10,freeze,"-1,-2",5,2304,BPI12,,5e-05,nep,1,,lstm,sum,2614514717,156128285,0.1,mlfe64h1,polished-microwave-2,0.6061989541757028,0.6674974942603159,0.8438653803617308,2513,9,0.8094616814412353,0.4049080499509793,0.6061989541757028,0.6674974942603159,1.3737647579651309,1.3737647579651309,0.8094616814412353,3.0476001961700554,0.6757239995901836,0.6757239995901836,2.197491681556387,0.8438653803617308,1762687982.159654,0.4049080499509793,2513.357218285,,,
gemma-2-2b,8,['activity'],['activity'],"['accumulated_time', 'day_of_month', 'day_of_week', 'day_of_year', 'hour_of_day', 'min_of_hour', 'month_of_year', 'sec_of_min', 'secs_within_day', 'week_of_year']","['remaining_time', 'time_to_next_event']",cuda,2304,10,freeze,"0,1",5,2304,BPI12,,5e-05,nep,1,,lstm,sum,2614514717,156128285,0.1,22t6x8mz,peach-dust-3,0.7215717725321535,0.6597483730684248,0.8412621441818522,2526,9,0.8062982556476981,0.4218054019402633,0.6915422829860342,0.6597483730684248,1.290454943988484,1.290454943988484,0.7713397197597941,2.203475568164433,0.6601337704814428,0.6601337704814428,2.203475568164433,0.8412621441818522,1762690584.2875657,0.4218054019402633,2526.683079717,,,
gemma-2-2b,8,['activity'],['activity'],"['accumulated_time', 'day_of_month', 'day_of_week', 'day_of_year', 'hour_of_day', 'min_of_hour', 'month_of_year', 'sec_of_min', 'secs_within_day', 'week_of_year']","['remaining_time', 'time_to_next_event']",cuda,2304,10,freeze,0,5,2304,BPI12,,5e-05,nep,1,,lstm,sum,2614514717,78271517,0.1,qdxi5hk0,ethereal-moon-4,0.72913996251031,0.6859264870315117,0.8380974256886665,2399,9,0.7875679153560194,0.44295383666778776,0.72913996251031,0.6853789588300493,1.3543765379005683,1.3650051213161472,0.7875679153560194,2.5270837848223873,0.6571582337037075,0.6571582337037075,2.2599487036705224,0.8380974256886665,1762693055.0092535,0.44295383666778776,2399.96199667,,,
gemma-2-2b,8,['activity'],['activity'],"['accumulated_time', 'day_of_month', 'day_of_week', 'day_of_year', 'hour_of_day', 'min_of_hour', 'month_of_year', 'sec_of_min', 'secs_within_day', 'week_of_year']","['remaining_time', 'time_to_next_event']",cuda,2304,10,freeze,-1,5,2304,BPI12,,5e-05,nep,1,,lstm,sum,2614514717,78271517,0.1,cj5irnit,laced-vortex-5,0.7392250417827844,0.6798569157202966,0.8401221649396832,2399,9,0.8049935659136402,0.41822636575117783,0.6284777840137618,0.6798569157202966,1.364041551623848,1.4100746436622889,0.748731055190163,2.894044705453279,0.6768644853633192,0.6768644853633192,1.975886728778622,0.8401221649396832,1762695523.320428,0.41822636575117783,2399.906372899,,,
gemma-2-2b,8,['activity'],['activity'],"['accumulated_time', 'day_of_month', 'day_of_week', 'day_of_year', 'hour_of_day', 'min_of_hour', 'month_of_year', 'sec_of_min', 'secs_within_day', 'week_of_year']","['remaining_time', 'time_to_next_event']",cuda,2304,10,freeze,,5,2304,BPI12,,5e-05,nep,1,,lstm,sum,2614514717,414749,0.1,qvj5e5mv,pious-frost-6,1.5255863456205194,0.8654772998545516,0.6812737141204295,2300,9,0.3865634829854161,0.8741272560149356,1.5255863456205194,0.8654772998545516,1.4986259847361283,1.4986998374743132,0.3865634829854161,1.991689660479622,0.6748138947262056,0.6748138947262056,1.991689660479622,0.6812737141204295,1762697896.6163378,0.8741272560149356,2300.689129779,,,
gemma-2-2b,8,['activity'],['activity'],"['accumulated_time', 'day_of_month', 'day_of_week', 'day_of_year', 'hour_of_day', 'min_of_hour', 'month_of_year', 'sec_of_min', 'secs_within_day', 'week_of_year']","['remaining_time', 'time_to_next_event']",cuda,2304,10,lora,,5,2304,BPI17,512,5e-05,nep,1,256,lstm,sum,2946786846,332444958,0.1,bmjevpid,fallen-durian-10,0.5432503951784302,0.6561301165384077,0.8536576285447296,15659,9,0.8411262810208829,0.4620363917621276,0.4504739898982385,0.6048718557727052,0.7821359695588358,0.9924309975589564,0.8079604723245231,1.1422087592226624,0.5509404464318741,0.5509404464318741,0.687250549843485,0.8325285520514166,1762725319.280158,0.4061340350190862,15659.725736974,,,
gemma-2-2b,8,['activity'],['activity'],"['accumulated_time', 'day_of_month', 'day_of_week', 'day_of_year', 'hour_of_day', 'min_of_hour', 'month_of_year', 'sec_of_min', 'secs_within_day', 'week_of_year']","['remaining_time', 'time_to_next_event']",cuda,2304,10,freeze,"-1,-2",5,2304,BPI17,,5e-05,nep,1,,lstm,sum,2614519326,156132894,0.1,4rj9ldbo,vital-puddle-12,0.4269560832667987,0.5640118010742431,0.8789713195062353,10118,9,0.8581364749289546,0.33075370340312055,0.39678674469251835,0.5620404572400358,0.8793190057110428,1.173473511243083,0.8464674005195298,2.513301916660136,0.5529763359697675,0.5529763359697675,2.2907671504901947,0.8789713195062353,1762741753.5349972,0.33075370340312055,10118.8144869,mean,,
gemma-2-2b,8,['activity'],['activity'],"['accumulated_time', 'day_of_month', 'day_of_week', 'day_of_year', 'hour_of_day', 'min_of_hour', 'month_of_year', 'sec_of_min', 'secs_within_day', 'week_of_year']","['remaining_time', 'time_to_next_event']",cuda,2304,10,freeze,"0,1",5,2304,BPI17,,5e-05,nep,1,,lstm,sum,2614519326,156132894,0.1,72pjnhkn,trim-durian-14,0.4078806460204083,0.5552277536947593,0.8780405778540572,10154,9,0.8603237905331624,0.3350642227591318,0.4078806460204083,0.5552277536947593,0.8052145059989327,0.8661151223412266,0.8603237905331624,1.8098284049803215,0.5478635563413827,0.5478635563413827,1.8098284049803215,0.8780405778540572,1762764121.8989236,0.3350642227591318,10154.919071379,mean,,
gemma-2-2b,8,['activity'],['activity'],"['accumulated_time', 'day_of_month', 'day_of_week', 'day_of_year', 'hour_of_day', 'min_of_hour', 'month_of_year', 'sec_of_min', 'secs_within_day', 'week_of_year']","['remaining_time', 'time_to_next_event']",cuda,2304,10,freeze,0,5,2304,BPI17,,5e-05,nep,1,,lstm,sum,2614519326,78276126,0.1,y4od0q42,cosmic-brook-15,0.4087444385651175,0.5667938344361965,0.8738720962411688,9768,9,0.8547351143847369,0.3526856076898171,0.4087444385651175,0.5667938344361965,0.8541836594701854,0.9243557804425978,0.8533040334777979,1.8022874508265885,0.5485469954894605,0.5485469954894605,1.6584879755217847,0.8738720962411688,1762773970.326269,0.3526856076898171,9768.15117266,mean,,
gemma-2-2b,8,['activity'],['activity'],"['accumulated_time', 'day_of_month', 'day_of_week', 'day_of_year', 'hour_of_day', 'min_of_hour', 'month_of_year', 'sec_of_min', 'secs_within_day', 'week_of_year']","['remaining_time', 'time_to_next_event']",cuda,2304,10,freeze,-1,5,2304,BPI17,,5e-05,nep,1,,lstm,sum,2614519326,78276126,0.1,xaa8m0m6,zesty-fire-17,0.4190072547920411,0.5633223601531271,0.8768194448063995,10810,9,0.8552437924322271,0.34261021861467467,0.4118133318690956,0.5633223601531271,0.8981396912770049,0.9637577703754096,0.8499433671773794,2.1794783338885075,0.5551005089532811,0.5551005089532811,2.1794783338885075,0.8768194448063995,1762793352.575576,0.34261021861467467,10809.850455209,mean,,
gemma-2-2b,8,['activity'],['activity'],"['accumulated_time', 'day_of_month', 'day_of_week', 'day_of_year', 'hour_of_day', 'min_of_hour', 'month_of_year', 'sec_of_min', 'secs_within_day', 'week_of_year']","['remaining_time', 'time_to_next_event']",cuda,2304,10,lora,,5,2304,BPI20PrepaidTravelCosts,512,5e-05,nep,1,256,lstm,sum,2946805282,332463394,0.1,40oopaqz,skilled-night-20,0.9940957574561092,0.7371509326084723,0.822378277153558,729,9,0.6847524752475248,0.5628916020696976,0.9726577490627176,0.7371509326084723,1.0171661153170142,1.0282591705511113,0.639009900990099,1.003919161239473,0.7046565059865458,0.7046565059865458,0.8342038059234619,0.8214419475655431,1762846021.677966,0.5628916020696976,729.738915037,,,
gemma-2-2b,8,['activity'],['activity'],"['accumulated_time', 'day_of_month', 'day_of_week', 'day_of_year', 'hour_of_day', 'min_of_hour', 'month_of_year', 'sec_of_min', 'secs_within_day', 'week_of_year']","['remaining_time', 'time_to_next_event']",cuda,2304,10,freeze,"-1,-2",5,2304,BPI20PrepaidTravelCosts,,5e-05,nep,1,,lstm,sum,2614537762,156151330,0.1,mgmt4hww,northern-grass-21,1.2302220455962831,0.7081117378192001,0.8321161048689139,392,9,0.6623762376237624,0.5455692240361417,0.9788980709680236,0.6997959451059277,1.0542327586258993,1.1788432305402097,0.6312871287128713,1.0240063245697777,0.7114008084441839,0.7239770287319962,0.9936236022722604,0.8304307116104869,1762846805.0910225,0.5410333587435747,392.917117335,,,
gemma-2-2b,8,['activity'],['activity'],"['accumulated_time', 'day_of_month', 'day_of_week', 'day_of_year', 'hour_of_day', 'min_of_hour', 'month_of_year', 'sec_of_min', 'secs_within_day', 'week_of_year']","['remaining_time', 'time_to_next_event']",cuda,2304,10,freeze,"0,1",5,2304,BPI20PrepaidTravelCosts,,5e-05,nep,1,,lstm,sum,2614537762,156151330,0.1,r3hdtfx9,pleasant-planet-22,1.2637391880715247,0.6763099834490358,0.8154494382022472,394,9,0.6168316831683168,0.5877951987673727,1.1659600782866526,0.6763099834490358,1.0113340396692256,1.0300755325166306,0.6162376237623762,0.9611292977852396,0.6571605137448185,0.6571605137448185,0.9611292977852396,0.8154494382022472,1762847550.877407,0.5877951987673727,394.434078039,,,
gemma-2-2b,8,['activity'],['activity'],"['accumulated_time', 'day_of_month', 'day_of_week', 'day_of_year', 'hour_of_day', 'min_of_hour', 'month_of_year', 'sec_of_min', 'secs_within_day', 'week_of_year']","['remaining_time', 'time_to_next_event']",cuda,2304,10,freeze,0,5,2304,BPI20PrepaidTravelCosts,,5e-05,nep,1,,lstm,sum,2614537762,78294562,0.1,vjmzzzy5,vague-waterfall-23,1.2834027649152395,0.6671746333551763,0.8079588014981274,378,9,0.6162376237623762,0.629470302103164,1.25479316569791,0.6671746333551763,1.0547576268356624,1.064173108657988,0.6162376237623762,0.9422841453552246,0.6425869949748008,0.6425869949748008,0.9422841453552246,0.8079588014981274,1762848276.880396,0.629470302103164,378.59702922,,,
gemma-2-2b,8,['activity'],['activity'],"['accumulated_time', 'day_of_month', 'day_of_week', 'day_of_year', 'hour_of_day', 'min_of_hour', 'month_of_year', 'sec_of_min', 'secs_within_day', 'week_of_year']","['remaining_time', 'time_to_next_event']",cuda,2304,10,freeze,-1,5,2304,BPI20PrepaidTravelCosts,,5e-05,nep,1,,lstm,sum,2614537762,78294562,0.1,24b7f34z,quiet-fire-24,1.2909970427031563,0.6972949175352461,0.8179775280898877,376,9,0.689108910891089,0.5749402840485733,1.0563459262753476,0.6972949175352461,1.0149696234901353,1.1176188220127974,0.6186138613861386,1.154957432321983,0.6834903894961997,0.6834903894961997,0.9661663904284488,0.8170411985018726,1762848976.885153,0.5749402840485733,376.722522469,,,
gemma-2-2b,8,['activity'],['activity'],"['accumulated_time', 'day_of_month', 'day_of_week', 'day_of_year', 'hour_of_day', 'min_of_hour', 'month_of_year', 'sec_of_min', 'secs_within_day', 'week_of_year']","['remaining_time', 'time_to_next_event']",cuda,2304,10,freeze,,5,2304,BPI20PrepaidTravelCosts,,5e-05,nep,1,,lstm,sum,2614537762,437794,0.1,e7vpcq1w,chocolate-snow-25,1.3089755053567411,0.7012399676587251,0.8094569288389513,367,9,0.6154455445544554,0.6776105679822771,1.3089755053567411,0.7012399676587251,1.0901101053351223,1.1023765498812836,0.6154455445544554,1.006276810287249,0.6625145865067114,0.6625145865067114,0.9909921691913416,0.8094569288389513,1762849636.7436275,0.6776105679822771,367.782584544,,,
gemma-2-2b,8,['activity'],['activity'],"['accumulated_time', 'day_of_month', 'day_of_week', 'day_of_year', 'hour_of_day', 'min_of_hour', 'month_of_year', 'sec_of_min', 'secs_within_day', 'week_of_year']","['remaining_time', 'time_to_next_event']",cuda,2304,10,lora,,5,2304,BPI20TravelPermitData,512,5e-05,nep,1,256,lstm,sum,2946902071,332560183,0.1,77bflvx6,dandy-leaf-26,1.2479902375219192,0.7258781612670809,0.7939589035814796,2542,9,0.6659462797159618,0.6787649232827687,1.148663734513766,0.7201759390292555,0.8988868770499258,0.9296673809462545,0.6277554800864464,0.9316964160369186,0.5346909211960362,0.5346909211960362,0.874080264476318,0.7939589035814796,1762852511.8298666,0.6710295306951034,2542.16965804,,,
gemma-2-2b,8,['activity'],['activity'],"['accumulated_time', 'day_of_month', 'day_of_week', 'day_of_year', 'hour_of_day', 'min_of_hour', 'month_of_year', 'sec_of_min', 'secs_within_day', 'week_of_year']","['remaining_time', 'time_to_next_event']",cuda,2304,10,freeze,"-1,-2",5,2304,BPI20TravelPermitData,,5e-05,nep,1,,lstm,sum,2614634551,156248119,0.1,ddd7c4on,young-sun-27,1.305013489023923,0.7015650591590529,0.8185357955202591,1364,9,0.6474837912936091,0.6074759213364369,1.3048626783417492,0.7015650591590529,0.99010928552362,1.1191742916171954,0.6474837912936091,0.911673942087756,0.528514244949456,0.5287550663202628,0.8931484411733686,0.8185357955202591,1762854278.257812,0.6074759213364369,1364.035901581,,,
gemma-2-2b,8,['activity'],['activity'],"['accumulated_time', 'day_of_month', 'day_of_week', 'day_of_year', 'hour_of_day', 'min_of_hour', 'month_of_year', 'sec_of_min', 'secs_within_day', 'week_of_year']","['remaining_time', 'time_to_next_event']",cuda,2304,10,freeze,"0,1",5,2304,BPI20TravelPermitData,,5e-05,nep,1,,lstm,sum,2614634551,156248119,0.1,yvfr50zo,likely-monkey-28,1.3628494656060206,0.6946654719226211,0.7991634218743976,1347,9,0.6214263661623958,0.6565143910290405,1.3628494656060206,0.6946654719226211,0.9801802480320166,1.0109673209453889,0.6209015128125965,1.0885337323456423,0.5144067753932586,0.5144067753932586,0.8999755867324739,0.7991634218743976,1762855977.6886575,0.6565143910290405,1347.350510551,,,
gemma-2-2b,8,['activity'],['activity'],"['accumulated_time', 'day_of_month', 'day_of_week', 'day_of_year', 'hour_of_day', 'min_of_hour', 'month_of_year', 'sec_of_min', 'secs_within_day', 'week_of_year']","['remaining_time', 'time_to_next_event']",cuda,2304,10,freeze,0,5,2304,BPI20TravelPermitData,,5e-05,nep,1,,lstm,sum,2614634551,78391351,0.1,mytj4euv,sweet-grass-29,1.3399611164221392,0.69381165860167,0.7930143798912834,1331,9,0.6209323865390552,0.6849082468598225,1.3399611164221392,0.69381165860167,0.9497413882579138,0.9582150521415294,0.6209323865390552,1.043460127879676,0.5159138137076621,0.5159138137076621,0.9264008187261324,0.7930143798912834,1762857687.749099,0.6849082468598225,1331.68935325,,,
gemma-2-2b,8,['activity'],['activity'],"['accumulated_time', 'day_of_month', 'day_of_week', 'day_of_year', 'hour_of_day', 'min_of_hour', 'month_of_year', 'sec_of_min', 'secs_within_day', 'week_of_year']","['remaining_time', 'time_to_next_event']",cuda,2304,10,freeze,-1,5,2304,BPI20TravelPermitData,,5e-05,nep,1,,lstm,sum,2614634551,78391351,0.1,oj0ko9ms,radiant-breeze-30,1.3545212102915336,0.6960762846308568,0.8072786152126142,1318,9,0.6381907996295153,0.6244254648292519,1.3054909767652596,0.6960762846308568,0.9836517977618848,1.0548484901765056,0.6381907996295153,0.8867315605048156,0.5213094453105003,0.5213094453105003,0.8700125277060791,0.8072786152126142,1762859448.6267793,0.6244254648292519,1318.908283975,,,
gemma-2-2b,8,['activity'],['activity'],"['accumulated_time', 'day_of_month', 'day_of_week', 'day_of_year', 'hour_of_day', 'min_of_hour', 'month_of_year', 'sec_of_min', 'secs_within_day', 'week_of_year']","['remaining_time', 'time_to_next_event']",cuda,2304,10,freeze,,5,2304,BPI20TravelPermitData,,5e-05,nep,1,,lstm,sum,2614634551,534583,0.1,i9bc5elg,feasible-cloud-31,1.355055474013081,0.7424763978007874,0.7778634488607887,1289,9,0.6076258104353195,0.7723972047458494,1.355055474013081,0.7424763978007874,0.9652864471487368,0.9662325743356948,0.6076258104353195,0.9799679355144354,0.5314545412375007,0.5314545412375007,0.9799679355144354,0.7778634488607887,1762861031.802516,0.7723972047458494,1289.140562647,,,
gemma-2-2b,8,['activity'],['activity'],"['accumulated_time', 'day_of_month', 'day_of_week', 'day_of_year', 'hour_of_day', 'min_of_hour', 'month_of_year', 'sec_of_min', 'secs_within_day', 'week_of_year']","['remaining_time', 'time_to_next_event']",cuda,2304,10,lora,,5,2304,BPI20RequestForPayment,512,5e-05,nep,1,256,lstm,sum,2946745365,332403477,0.1,lcln5wsj,soft-monkey-32,0.2713840903417747,0.7105495225136207,0.8797244941885493,2548,9,0.8923448373810539,0.3082953854978367,0.27065388171988747,0.7105495225136207,0.7436254375987628,0.7799073033264424,0.8914926856980543,0.7270260652244946,0.6094683065939914,0.6094683065939914,0.6704362694672978,0.8787343951786483,1762863963.9655972,0.3082953854978367,2548.542946557,,,
gemma-2-2b,8,['activity'],['activity'],"['accumulated_time', 'day_of_month', 'day_of_week', 'day_of_year', 'hour_of_day', 'min_of_hour', 'month_of_year', 'sec_of_min', 'secs_within_day', 'week_of_year']","['remaining_time', 'time_to_next_event']",cuda,2304,10,freeze,"-1,-2",5,2304,BPI20RequestForPayment,,5e-05,nep,1,,lstm,sum,2614477845,156091413,0.1,g7fchx6q,valiant-hill-33,0.2726798794381643,0.7004795773707737,0.8803271631510977,1682,9,0.8941911660275529,0.3139089387293474,0.2702795187022736,0.7004795773707737,0.7309645722661061,0.8271689253120222,0.8916347109785542,0.8486294955662783,0.6025780307800155,0.6025780307800155,0.7154372973361487,0.8797675419715885,1762865977.2434545,0.3139089387293474,1682.700042297,,,
gemma-2-2b,8,['activity'],['activity'],"['accumulated_time', 'day_of_month', 'day_of_week', 'day_of_year', 'hour_of_day', 'min_of_hour', 'month_of_year', 'sec_of_min', 'secs_within_day', 'week_of_year']","['remaining_time', 'time_to_next_event']",cuda,2304,10,freeze,"0,1",5,2304,BPI20RequestForPayment,,5e-05,nep,1,,lstm,sum,2614477845,156091413,0.1,wde623ia,rosy-microwave-34,0.2792278576127475,0.6911310333349661,0.8793801119242359,1680,9,0.8922028121005539,0.3182570993310154,0.2759215668205713,0.6911310333349661,0.7423730062127977,0.7739787126125861,0.8922028121005539,0.7155648620777756,0.5872950694091967,0.5872950694091967,0.7025847550126542,0.8780886784330607,1762867895.381348,0.31627959677539813,1680.33644992,,,
gemma-2-2b,8,['activity'],['activity'],"['accumulated_time', 'day_of_month', 'day_of_week', 'day_of_year', 'hour_of_day', 'min_of_hour', 'month_of_year', 'sec_of_min', 'secs_within_day', 'week_of_year']","['remaining_time', 'time_to_next_event']",cuda,2304,10,freeze,0,5,2304,BPI20RequestForPayment,,5e-05,nep,1,,lstm,sum,2614477845,78234645,0.1,lzl418ch,fearless-plasma-35,0.28148720190278204,0.6895610213946844,0.8775290572535515,1650,9,0.8926288879420536,0.32293094065596817,0.28148720190278204,0.6895610213946844,0.7363472622136064,0.7479875195078883,0.8926288879420536,0.7005128460231109,0.5857865975737521,0.5857865975737521,0.684355690201276,0.8770985794231597,1762869911.3246589,0.3227336751762978,1650.788970507,,,
gemma-2-2b,8,['activity'],['activity'],"['accumulated_time', 'day_of_month', 'day_of_week', 'day_of_year', 'hour_of_day', 'min_of_hour', 'month_of_year', 'sec_of_min', 'secs_within_day', 'week_of_year']","['remaining_time', 'time_to_next_event']",cuda,2304,10,freeze,-1,5,2304,BPI20RequestForPayment,,5e-05,nep,1,,lstm,sum,2614477845,78234645,0.1,va8yxg5c,zany-snowball-36,0.2818585506743149,0.7030915752547187,0.8798536375376668,1608,9,0.8917767362590541,0.313804381785596,0.2755428073657133,0.7030915752547187,0.7416640976379074,0.811443443850959,0.8917767362590541,0.7373742398306856,0.5942063983739885,0.5942063983739885,0.702131804138604,0.8789496340938442,1762871909.1453445,0.31307593270514067,1608.684227139,,,
gemma-2-2b,8,['activity'],['activity'],"['accumulated_time', 'day_of_month', 'day_of_week', 'day_of_year', 'hour_of_day', 'min_of_hour', 'month_of_year', 'sec_of_min', 'secs_within_day', 'week_of_year']","['remaining_time', 'time_to_next_event']",cuda,2304,10,freeze,,5,2304,BPI20RequestForPayment,,5e-05,nep,1,,lstm,sum,2614477845,377877,0.1,zv14q19f,dutiful-glitter-37,0.28136279006993764,0.7050982794677498,0.8760223848471804,1594,9,0.8924868626615537,0.3315607539754565,0.28136279006993764,0.7050982794677498,0.7381961441500555,0.7381961441500555,0.8924868626615537,0.6729745751770869,0.5860604257251084,0.5860604257251084,0.6722656859370935,0.8760223848471804,1762873835.05613,0.3315607539754565,1594.206714908,,,
gemma-2-2b,8,['activity'],['activity'],"['accumulated_time', 'day_of_month', 'day_of_week', 'day_of_year', 'hour_of_day', 'min_of_hour', 'month_of_year', 'sec_of_min', 'secs_within_day', 'week_of_year']","['remaining_time', 'time_to_next_event']",cuda,2304,0,freeze,,5,2304,BPI12,,5e-05,nep,1,,lstm,sum,2614514717,414749,0.1,zzwv2l1y,deft-oath-38,5.43814918481523,,,38,0,0.002251930225907921,,5.43814918481523,,1.6136088681998235,1.6136088681998235,0.002251930225907921,2.2928457235587745,,,2.2928457235587745,,1763215928.8339186,,38.13779882,,,
gemma-2-2b,8,['activity'],['activity'],"['accumulated_time', 'day_of_month', 'day_of_week', 'day_of_year', 'hour_of_day', 'min_of_hour', 'month_of_year', 'sec_of_min', 'secs_within_day', 'week_of_year']","['remaining_time', 'time_to_next_event']",cuda,2304,0,freeze,,5,2304,BPI17,,5e-05,nep,1,,lstm,sum,2614519326,419358,0.1,0ngbt6gj,balmy-shape-39,4.125372931009997,,,143,0,0.014751663377215294,,4.125372931009997,,2.6475114200084495,2.6475114200084495,0.014751663377215294,9.069778405022628,,,9.069778405022628,,1763216159.8147073,,143.775710951,,,
gemma-2-2b,8,['activity'],['activity'],"['accumulated_time', 'day_of_month', 'day_of_week', 'day_of_year', 'hour_of_day', 'min_of_hour', 'month_of_year', 'sec_of_min', 'secs_within_day', 'week_of_year']","['remaining_time', 'time_to_next_event']",cuda,2304,0,freeze,,5,2304,BPI20PrepaidTravelCosts,,5e-05,nep,1,,lstm,sum,2614537762,437794,0.1,6gdai8wn,sage-eon-40,4.155648365587291,,,4,0,0.06772277227722773,,4.155648365587291,,1.859949326467986,1.859949326467986,0.06772277227722773,2.146891212085686,,,2.146891212085686,,1763216204.0214815,,4.601774596,,,
gemma-2-2b,8,['activity'],['activity'],"['accumulated_time', 'day_of_month', 'day_of_week', 'day_of_year', 'hour_of_day', 'min_of_hour', 'month_of_year', 'sec_of_min', 'secs_within_day', 'week_of_year']","['remaining_time', 'time_to_next_event']",cuda,2304,0,freeze,,5,2304,BPI20TravelPermitData,,5e-05,nep,1,,lstm,sum,2614634551,534583,0.1,1vyin0nk,kind-meadow-41,5.019737980445987,,,21,0,0.002469898116702686,,5.019737980445987,,1.7628673087082074,1.7628673087082074,0.002469898116702686,4.6122193635927005,,,4.6122193635927005,,1763216271.1515765,,21.202673852,,,
gemma-2-2b,8,['activity'],['activity'],"['accumulated_time', 'day_of_month', 'day_of_week', 'day_of_year', 'hour_of_day', 'min_of_hour', 'month_of_year', 'sec_of_min', 'secs_within_day', 'week_of_year']","['remaining_time', 'time_to_next_event']",cuda,2304,0,freeze,,5,2304,BPI20RequestForPayment,,5e-05,nep,1,,lstm,sum,2614477845,377877,0.1,dqv5annw,expert-snowball-42,3.806157604467291,,,7,0,0.003550632012498225,,3.806157604467291,,1.4827429933010254,1.4827429933010254,0.003550632012498225,1.738304430204873,,,1.738304430204873,,1763216329.0610003,,7.081135729,,,
gemma-2-2b,8,['activity'],['activity'],"['accumulated_time', 'day_of_month', 'day_of_week', 'day_of_year', 'hour_of_day', 'min_of_hour', 'month_of_year', 'sec_of_min', 'secs_within_day', 'week_of_year']","['remaining_time', 'time_to_next_event']",cuda,2304,10,freeze,,5,2304,BPI12,,5e-05,nep,1,,lstm,sum,2614514717,414749,0.1,5f8ezjrl,gentle-terrain-44,3.367738392341467,0.7405651455822712,0.4322916666666667,422,9,0.07247283385759222,2.288656314214071,3.367738392341467,0.7405651455822712,1.5521012198862807,1.5730749697449506,0.06366171003717472,2.019683858409017,0.5593822558876127,0.5593822558876127,1.2403281394979222,0.4322916666666667,1763235262.956927,2.288656314214071,422.873438922,,8.0,
gemma-2-2b,8,['activity'],['activity'],"['accumulated_time', 'day_of_month', 'day_of_week', 'day_of_year', 'hour_of_day', 'min_of_hour', 'month_of_year', 'sec_of_min', 'secs_within_day', 'week_of_year']","['remaining_time', 'time_to_next_event']",cuda,2304,10,lora,,5,2304,BPI12,512,5e-05,nep,1,256,lstm,sum,2946782237,332440349,0.1,ue6wlqqz,ruby-hill-45,3.576366378063129,1.190093617265423,0.4114583333333333,548,9,0.06970260223048327,2.070816377798716,3.172658515992354,0.8882229369288931,1.568668852516812,1.82131549622251,0.06539533886188162,3.3162758660726173,0.8736692381401857,1.1680683717131617,1.6984161945762448,0.4114583333333333,1763235835.9936235,2.070816377798716,548.669354398,,8.0,
gemma-2-2b,8,['activity'],['activity'],"['accumulated_time', 'day_of_month', 'day_of_week', 'day_of_year', 'hour_of_day', 'min_of_hour', 'month_of_year', 'sec_of_min', 'secs_within_day', 'week_of_year']","['remaining_time', 'time_to_next_event']",cuda,2304,10,freeze,,5,2304,BPI17,,5e-05,nep,1,,lstm,sum,2614519326,419358,0.1,6u1ftfnl,driven-thunder-46,2.694143195380642,2.8841103960946204,0.565,1570,9,0.1742968373790194,2.059182062149048,2.694143195380642,2.8841103960946204,1.1392697580151383,1.1392697580151383,0.1742968373790194,0.8161415812994126,0.4919214770197868,0.4919214770197868,0.8024088192902624,0.565,1763237443.3198645,2.059182062149048,1570.837004262,,8.0,
gemma-2-2b,8,['activity'],['activity'],"['accumulated_time', 'day_of_month', 'day_of_week', 'day_of_year', 'hour_of_day', 'min_of_hour', 'month_of_year', 'sec_of_min', 'secs_within_day', 'week_of_year']","['remaining_time', 'time_to_next_event']",cuda,2304,10,freeze,,5,2304,BPI20PrepaidTravelCosts,,5e-05,nep,1,,lstm,sum,2614537762,437794,0.1,x32rakiu,soft-cloud-49,3.0332015715495193,0.6301576892101088,0.4148471615720524,61,9,0.1706930693069307,2.396554403429989,3.0332015715495193,0.6301576892101088,1.2799734399814418,1.2799734399814418,0.1706930693069307,1.0133106079668102,0.8110338964837087,0.8110338964837087,1.0133106079668102,0.4148471615720524,1763294963.1351364,2.396554403429989,61.428385643,,8.0,
gemma-2-2b,8,['activity'],['activity'],"['accumulated_time', 'day_of_month', 'day_of_week', 'day_of_year', 'hour_of_day', 'min_of_hour', 'month_of_year', 'sec_of_min', 'secs_within_day', 'week_of_year']","['remaining_time', 'time_to_next_event']",cuda,2304,10,lora,,5,2304,BPI20PrepaidTravelCosts,512,5e-05,nep,1,256,lstm,sum,2946805282,332463394,0.1,ye52x762,quiet-snowflake-51,3.85391548118969,0.9367861673561246,0.4541484716157206,91,9,0.12415841584158416,2.026887906170308,3.129866411945607,0.8512786749148473,1.4300632856387905,5.350672670874265,0.06435643564356436,1.3523796347816393,1.0172754614634285,1.0434042824407852,1.0720065825056322,0.388646288209607,1763296498.337202,1.9410627231847772,91.655507474,,8.0,
gemma-2-2b,8,['activity'],['activity'],"['accumulated_time', 'day_of_month', 'day_of_week', 'day_of_year', 'hour_of_day', 'min_of_hour', 'month_of_year', 'sec_of_min', 'secs_within_day', 'week_of_year']","['remaining_time', 'time_to_next_event']",cuda,2304,10,freeze,,5,2304,BPI20TravelPermitData,,5e-05,nep,1,,lstm,sum,2614634551,534583,0.1,cuj4ftyw,peach-pond-53,3.212455019313415,0.8989626188374641,0.3793103448275862,277,9,0.20172892868169187,2.7410484131830755,3.212455019313415,0.8989626188374641,1.0514761660341203,1.0514761660341203,0.20172892868169187,0.8922449979343396,0.8567401891678018,0.8567401891678018,0.8673825916739002,0.3793103448275862,1763298226.1356993,2.7410484131830755,277.662225945,,8.0,
gemma-2-2b,8,['activity'],['activity'],"['accumulated_time', 'day_of_month', 'day_of_week', 'day_of_year', 'hour_of_day', 'min_of_hour', 'month_of_year', 'sec_of_min', 'secs_within_day', 'week_of_year']","['remaining_time', 'time_to_next_event']",cuda,2304,10,freeze,,5,2304,BPI20TravelPermitData,,5e-05,nep,1,,lstm,sum,2614634551,534583,0.1,o56ncdn0,expert-cloud-53,3.212455019313415,0.8989626188374641,0.3793103448275862,279,9,0.20172892868169187,2.7410484131830755,3.212455019313415,0.8989626188374641,1.0514761660341203,1.0514761660341203,0.20172892868169187,0.8922449979343396,0.8567401891678018,0.8567401891678018,0.8673825916739002,0.3793103448275862,1763298228.4169178,2.7410484131830755,279.942116124,,8.0,
gemma-2-2b,8,['activity'],['activity'],"['accumulated_time', 'day_of_month', 'day_of_week', 'day_of_year', 'hour_of_day', 'min_of_hour', 'month_of_year', 'sec_of_min', 'secs_within_day', 'week_of_year']","['remaining_time', 'time_to_next_event']",cuda,2304,10,lora,,5,2304,BPI20TravelPermitData,512,5e-05,nep,1,256,lstm,sum,2946902071,332560183,0.1,d2c4xwcv,valiant-yogurt-55,3.794921834956867,1.2647945854012466,0.33421750663129973,363,9,0.13260265514047545,2.374357638371718,3.339371191568307,1.108107822248095,1.2667227313120302,3.0417046368214113,0.050910774930534114,1.441484012350546,1.3517442480006332,1.4004767124469464,1.0014031149053615,0.33421750663129973,1763299770.9889002,2.374357638371718,363.110825983,,8.0,
gemma-2-2b,8,['activity'],['activity'],"['accumulated_time', 'day_of_month', 'day_of_week', 'day_of_year', 'hour_of_day', 'min_of_hour', 'month_of_year', 'sec_of_min', 'secs_within_day', 'week_of_year']","['remaining_time', 'time_to_next_event']",cuda,2304,10,lora,,5,2304,BPI20TravelPermitData,512,5e-05,nep,1,256,lstm,sum,2946902071,332560183,0.1,um7zyb78,rosy-plasma-55,3.794921834956867,1.2647945854012466,0.33421750663129973,364,9,0.13260265514047545,2.374357638371718,3.339371191568307,1.108107822248095,1.2667227313120302,3.0417046368214113,0.050910774930534114,1.441484012350546,1.3517442480006332,1.4004767124469464,1.0014031149053615,0.33421750663129973,1763299771.9342074,2.374357638371718,364.055635602,,8.0,
gemma-2-2b,8,['activity'],['activity'],"['accumulated_time', 'day_of_month', 'day_of_week', 'day_of_year', 'hour_of_day', 'min_of_hour', 'month_of_year', 'sec_of_min', 'secs_within_day', 'week_of_year']","['remaining_time', 'time_to_next_event']",cuda,2304,10,freeze,,5,2304,BPI20RequestForPayment,,5e-05,nep,1,,lstm,sum,2614477845,377877,0.1,1lzctqbo,charmed-lion-57,2.236434967946878,0.8203026253443498,0.49230769230769234,88,9,0.36046016190881974,1.9532054644364576,2.236434967946878,0.8203026253443498,0.805136630826673,0.805136630826673,0.36031813662831985,0.7167140746418005,1.0196289906134972,1.0196289906134972,0.7167140746418005,0.49230769230769234,1763300989.3354568,1.9532054644364576,88.532524369,,8.0,
gemma-2-2b,8,['activity'],['activity'],"['accumulated_time', 'day_of_month', 'day_of_week', 'day_of_year', 'hour_of_day', 'min_of_hour', 'month_of_year', 'sec_of_min', 'secs_within_day', 'week_of_year']","['remaining_time', 'time_to_next_event']",cuda,2304,10,lora,,5,2304,BPI20RequestForPayment,512,5e-05,nep,1,256,lstm,sum,2946745365,332403477,0.1,04y4ellg,rare-firebrand-59,2.2862205890037344,1.3431075811386108,0.5538461538461539,124,9,0.38829711688680585,1.442615873997028,2.1064821776130156,0.9069341104764204,0.954968337595522,1.627768356578964,0.3042181508308479,1.384350080480631,1.202201866186582,1.202201866186582,0.87761919743262,0.5538461538461539,1763302139.6068373,1.442615873997028,124.297455895,,8.0,
gemma-2-2b,8,['activity'],['activity'],"['accumulated_time', 'day_of_month', 'day_of_week', 'day_of_year', 'hour_of_day', 'min_of_hour', 'month_of_year', 'sec_of_min', 'secs_within_day', 'week_of_year']","['remaining_time', 'time_to_next_event']",cuda,2304,10,freeze,,5,2304,BPI17,,5e-05,nep,1,,lstm,sum,2614519326,419358,0.1,85gtyr6c,northern-haze-61,0.5691385476599439,0.7603281170473397,0.8070200258373883,9459,9,0.7914555652769583,0.5372794716726451,0.5691385476599439,0.7603281170473397,0.9674367292191514,0.9674367292191514,0.7914555652769583,1.282098591956293,0.5624418840960439,0.5624418840960439,0.9651878903248664,0.8070200258373883,1763318988.368869,0.5372794716726451,9459.608114321,,,
gemma-2-2b,8,['activity'],['activity'],"['accumulated_time', 'day_of_month', 'day_of_week', 'day_of_year', 'hour_of_day', 'min_of_hour', 'month_of_year', 'sec_of_min', 'secs_within_day', 'week_of_year']","['remaining_time', 'time_to_next_event']",cuda,2304,10,lora,,5,2304,BPI17,512,5e-05,nep,1,256,lstm,sum,2946786846,332444958,0.1,wulccoga,dulcet-snowflake-64,3.1145158877491013,3.4995847129821778,0.5,1953,9,0.25468831600436787,1.7259058570861816,2.735447760833511,3.4995847129821778,1.5861148617285898,3.5701743303460485,0.1455022687040918,4.83927540908445,0.8262481153011322,1.1551500517129898,0.8591393662940133,0.5,1763339579.4049776,1.7259058570861816,1953.100417327,,8.0,
gemma-2-2b,8,['activity'],['activity'],"['accumulated_time', 'day_of_month', 'day_of_week', 'day_of_year', 'hour_of_day', 'min_of_hour', 'month_of_year', 'sec_of_min', 'secs_within_day', 'week_of_year']","['remaining_time', 'time_to_next_event']",cuda,2304,10,lora,,5,2304,BPI12,512,5e-05,nep,1,256,lstm,sum,2946782237,332440349,0.1,nr0rj0wc,fanciful-dawn-70,1.413183084054439,0.796130861110258,0.7604257056811802,3381,9,0.5794430940806405,0.6508437687556435,1.2022887723068183,0.7659489626591209,1.475754434374407,1.495812645881371,0.5573884758364313,2.3416315146186863,0.6732286734993692,0.6732286734993692,2.1301789659924735,0.7532370306092934,1763430074.3742702,0.6307804753217188,3381.267449631,,,41.0
gemma-2-2b,8,['activity'],['activity'],"['accumulated_time', 'day_of_month', 'day_of_week', 'day_of_year', 'hour_of_day', 'min_of_hour', 'month_of_year', 'sec_of_min', 'secs_within_day', 'week_of_year']","['remaining_time', 'time_to_next_event']",cuda,2304,10,freeze,"-1,-2",5,2304,BPI12,,5e-05,nep,1,,lstm,sum,2614514717,156128285,0.1,tcmg9rxa,silver-monkey-71,0.7369511561169432,0.6749161513234153,0.8413642318751808,2521,9,0.7876036602802402,0.41759749091124054,0.6751589460273385,0.6749161513234153,1.3575738080458175,1.3791509371542223,0.7513046897340577,3.01440095440675,0.6761257871952159,0.6770521745352184,2.2008255356406083,0.8413642318751808,1763432668.0994167,0.41759749091124054,2521.10147914,,,41.0
gemma-2-2b,8,['activity'],['activity'],"['accumulated_time', 'day_of_month', 'day_of_week', 'day_of_year', 'hour_of_day', 'min_of_hour', 'month_of_year', 'sec_of_min', 'secs_within_day', 'week_of_year']","['remaining_time', 'time_to_next_event']",cuda,2304,10,freeze,"0,1",5,2304,BPI12,,5e-05,nep,1,,lstm,sum,2614514717,156128285,0.1,98c80y9o,good-moon-72,0.7809689462798508,0.6549660938698771,0.8410409541796403,2522,9,0.7906598513011153,0.4181750515442624,0.705886775821081,0.6549660938698771,1.3217440861241865,1.3217440861241865,0.7175078638833285,2.5422825899163155,0.6631106553939644,0.6631106553939644,2.4564120391869,0.8410409541796403,1763435261.2353067,0.4181750515442624,2522.688570877,,,41.0
gemma-2-2b,8,['activity'],['activity'],"['accumulated_time', 'day_of_month', 'day_of_week', 'day_of_year', 'hour_of_day', 'min_of_hour', 'month_of_year', 'sec_of_min', 'secs_within_day', 'week_of_year']","['remaining_time', 'time_to_next_event']",cuda,2304,10,freeze,0,5,2304,BPI12,,5e-05,nep,1,,lstm,sum,2614514717,78271517,0.1,5yr67vpa,morning-vortex-73,0.7329954851822476,0.6691379416383781,0.8355962772021166,2421,9,0.7927509293680297,0.4435545088895042,0.7292345700977801,0.6691379416383781,1.3059691422100133,1.3059691422100133,0.7791499857020303,2.2731803827635435,0.6588480696159444,0.6588480696159444,2.2731803827635435,0.8355962772021166,1763437749.568303,0.4435545088895042,2421.049855917,,,41.0
gemma-2-2b,8,['activity'],['activity'],"['accumulated_time', 'day_of_month', 'day_of_week', 'day_of_year', 'hour_of_day', 'min_of_hour', 'month_of_year', 'sec_of_min', 'secs_within_day', 'week_of_year']","['remaining_time', 'time_to_next_event']",cuda,2304,10,freeze,-1,5,2304,BPI12,,5e-05,nep,1,,lstm,sum,2614514717,78271517,0.1,hmfvtw60,fallen-deluge-74,0.6275678911795778,0.697966419960689,0.8398073945519201,2402,9,0.8062267657992565,0.4272100216514059,0.6275678911795778,0.6941649453006042,1.3541504614302036,1.4282334145357738,0.8062267657992565,2.5598756759608587,0.6728034426629935,0.6728034426629935,2.129163233742804,0.8398073945519201,1763440210.4745948,0.4272100216514059,2402.566256612,,,41.0
gemma-2-2b,8,['activity'],['activity'],"['accumulated_time', 'day_of_month', 'day_of_week', 'day_of_year', 'hour_of_day', 'min_of_hour', 'month_of_year', 'sec_of_min', 'secs_within_day', 'week_of_year']","['remaining_time', 'time_to_next_event']",cuda,2304,10,freeze,,5,2304,BPI12,,5e-05,nep,1,,lstm,sum,2614514717,414749,0.1,t4hgbuqu,gentle-valley-75,1.4933290973045774,0.869841638324196,0.6672706855188607,2293,9,0.3911030883614527,0.8946790107875815,1.4933290973045774,0.869841638324196,1.4570878248662822,1.479738356988192,0.3580032885330283,1.9268038182702871,0.6789686684381737,0.6789686684381737,1.9268038182702871,0.6672706855188607,1763442578.2115915,0.8946790107875815,2293.962822436,,,41.0
gemma-2-2b,8,['activity'],['activity'],"['accumulated_time', 'day_of_month', 'day_of_week', 'day_of_year', 'hour_of_day', 'min_of_hour', 'month_of_year', 'sec_of_min', 'secs_within_day', 'week_of_year']","['remaining_time', 'time_to_next_event']",cuda,2304,0,freeze,,5,2304,BPI12,,5e-05,nep,1,,lstm,sum,2614514717,414749,0.1,8mmttsly,snowy-aardvark-76,3.942577870123244,,,37,0,0.048845438947669434,,3.942577870123244,,1.850371956382099,1.850371956382099,0.048845438947669434,9.549292485850996,,,9.549292485850996,,1763442688.2102804,,37.340454761,,,41.0
gemma-2-2b,8,['activity'],['activity'],"['accumulated_time', 'day_of_month', 'day_of_week', 'day_of_year', 'hour_of_day', 'min_of_hour', 'month_of_year', 'sec_of_min', 'secs_within_day', 'week_of_year']","['remaining_time', 'time_to_next_event']",cuda,2304,10,freeze,,5,2304,BPI12,,5e-05,nep,1,,lstm,sum,2614514717,414749,0.1,n2k8bunn,devout-morning-77,3.6911095730195496,0.7304676240698124,0.4739583333333333,411,9,0.07552902487846726,2.225268542766571,3.4154062512468397,0.710273151130726,1.561153186515532,1.6644654352221109,0.06064126394052045,1.7391484419343588,0.530125650887688,0.530125650887688,1.2790477987286155,0.4739583333333333,1763443164.228464,2.225268542766571,411.024109994,,8.0,41.0
gemma-2-2b,8,['activity'],['activity'],"['accumulated_time', 'day_of_month', 'day_of_week', 'day_of_year', 'hour_of_day', 'min_of_hour', 'month_of_year', 'sec_of_min', 'secs_within_day', 'week_of_year']","['remaining_time', 'time_to_next_event']",cuda,2304,10,lora,,5,2304,BPI12,512,5e-05,nep,1,256,lstm,sum,2946782237,332440349,0.1,hr5yl32f,earthy-feather-78,4.281681062427288,1.1152258217334747,0.4010416666666667,533,9,0.06952387760937946,1.9310563604036968,3.315740727819236,0.9716026140376924,1.60818580295563,2.440747910298243,0.05022161853016872,2.1911913306479764,0.8267041174694896,0.905603876337409,1.1977765856724587,0.4010416666666667,1763443765.3151526,1.903921681145827,533.730790333,,8.0,41.0
gemma-2-2b,8,['activity'],['activity'],"['accumulated_time', 'day_of_month', 'day_of_week', 'day_of_year', 'hour_of_day', 'min_of_hour', 'month_of_year', 'sec_of_min', 'secs_within_day', 'week_of_year']","['remaining_time', 'time_to_next_event']",cuda,2304,10,lora,,5,2304,BPI12,512,5e-05,nep,1,256,lstm,sum,2946782237,332440349,0.1,8y2p70mg,vocal-glitter-79,1.0973963368985529,0.7608585619200118,0.818624198186242,3377,9,0.6155454675436088,0.5442782463082299,1.0973963368985529,0.7318441008435659,1.418904579479715,1.5724763939265187,0.6155454675436088,2.72392400473352,0.6645123375135675,0.6645123375135675,2.132930409337942,0.7918176713797151,1763447207.540092,0.4933859396091986,3377.274288475,,,42.0
gemma-2-2b,8,['activity'],['activity'],"['accumulated_time', 'day_of_month', 'day_of_week', 'day_of_year', 'hour_of_day', 'min_of_hour', 'month_of_year', 'sec_of_min', 'secs_within_day', 'week_of_year']","['remaining_time', 'time_to_next_event']",cuda,2304,10,freeze,"-1,-2",5,2304,BPI12,,5e-05,nep,1,,lstm,sum,2614514717,156128285,0.1,1xz047vi,golden-wildflower-80,0.6061989541757028,0.6674974942603159,0.8438653803617308,2528,9,0.8094616814412353,0.4049080499509793,0.6061989541757028,0.6674974942603159,1.3737647579651309,1.3737647579651309,0.8094616814412353,3.0476001961700554,0.6757239995901836,0.6757239995901836,2.197491681556387,0.8438653803617308,1763449845.335379,0.4049080499509793,2528.17321368,,,42.0
gemma-2-2b,8,['activity'],['activity'],"['accumulated_time', 'day_of_month', 'day_of_week', 'day_of_year', 'hour_of_day', 'min_of_hour', 'month_of_year', 'sec_of_min', 'secs_within_day', 'week_of_year']","['remaining_time', 'time_to_next_event']",cuda,2304,10,freeze,"0,1",5,2304,BPI12,,5e-05,nep,1,,lstm,sum,2614514717,156128285,0.1,3vlicq2c,gallant-spaceship-81,0.7215717725321535,0.6597483730684248,0.8412621441818522,2520,9,0.8062982556476981,0.4218054019402633,0.6915422829860342,0.6597483730684248,1.290454943988484,1.290454943988484,0.7713397197597941,2.203475568164433,0.6601337704814428,0.6601337704814428,2.203475568164433,0.8412621441818522,1763452460.3611102,0.4218054019402633,2520.168191585,,,42.0
gemma-2-2b,8,['activity'],['activity'],"['accumulated_time', 'day_of_month', 'day_of_week', 'day_of_year', 'hour_of_day', 'min_of_hour', 'month_of_year', 'sec_of_min', 'secs_within_day', 'week_of_year']","['remaining_time', 'time_to_next_event']",cuda,2304,10,freeze,0,5,2304,BPI12,,5e-05,nep,1,,lstm,sum,2614514717,78271517,0.1,jibh9t8h,flowing-universe-82,0.72913996251031,0.6859264870315117,0.8380974256886665,2416,9,0.7875679153560194,0.44295383666778776,0.72913996251031,0.6853789588300493,1.3543765379005683,1.3650051213161472,0.7875679153560194,2.5270837848223873,0.6571582337037075,0.6571582337037075,2.2599487036705224,0.8380974256886665,1763454973.5496247,0.44295383666778776,2416.60143676,,,42.0
gemma-2-2b,8,['activity'],['activity'],"['accumulated_time', 'day_of_month', 'day_of_week', 'day_of_year', 'hour_of_day', 'min_of_hour', 'month_of_year', 'sec_of_min', 'secs_within_day', 'week_of_year']","['remaining_time', 'time_to_next_event']",cuda,2304,10,freeze,-1,5,2304,BPI12,,5e-05,nep,1,,lstm,sum,2614514717,78271517,0.1,9jn5ydox,solar-elevator-83,0.7392250417827844,0.6798569157202966,0.8401221649396832,2401,9,0.8049935659136402,0.41822636575117783,0.6284777840137618,0.6798569157202966,1.364041551623848,1.4100746436622889,0.748731055190163,2.894044705453279,0.6768644853633192,0.6768644853633192,1.975886728778622,0.8401221649396832,1763457484.0245974,0.41822636575117783,2401.156141136,,,42.0
gemma-2-2b,8,['activity'],['activity'],"['accumulated_time', 'day_of_month', 'day_of_week', 'day_of_year', 'hour_of_day', 'min_of_hour', 'month_of_year', 'sec_of_min', 'secs_within_day', 'week_of_year']","['remaining_time', 'time_to_next_event']",cuda,2304,10,freeze,,5,2304,BPI12,,5e-05,nep,1,,lstm,sum,2614514717,414749,0.1,9vswnv3k,helpful-star-84,1.5255863456205194,0.8654772998545516,0.6812737141204295,2292,9,0.3865634829854161,0.8741272560149356,1.5255863456205194,0.8654772998545516,1.4986259847361283,1.4986998374743132,0.3865634829854161,1.991689660479622,0.6748138947262056,0.6748138947262056,1.991689660479622,0.6812737141204295,1763459864.2330875,0.8741272560149356,2292.217786986,,,42.0
gemma-2-2b,8,['activity'],['activity'],"['accumulated_time', 'day_of_month', 'day_of_week', 'day_of_year', 'hour_of_day', 'min_of_hour', 'month_of_year', 'sec_of_min', 'secs_within_day', 'week_of_year']","['remaining_time', 'time_to_next_event']",cuda,2304,0,freeze,,5,2304,BPI12,,5e-05,nep,1,,lstm,sum,2614514717,414749,0.1,6nqft6sm,driven-dawn-85,5.43814918481523,,,36,0,0.002251930225907921,,5.43814918481523,,1.6136088681998235,1.6136088681998235,0.002251930225907921,2.2928457235587745,,,2.2928457235587745,,1763460003.3912115,,36.530590451,,,42.0
gemma-2-2b,8,['activity'],['activity'],"['accumulated_time', 'day_of_month', 'day_of_week', 'day_of_year', 'hour_of_day', 'min_of_hour', 'month_of_year', 'sec_of_min', 'secs_within_day', 'week_of_year']","['remaining_time', 'time_to_next_event']",cuda,2304,10,freeze,,5,2304,BPI12,,5e-05,nep,1,,lstm,sum,2614514717,414749,0.1,kou9krfx,toasty-mountain-86,3.367738392341467,0.7405651455822712,0.4322916666666667,409,9,0.07247283385759222,2.288656314214071,3.367738392341467,0.7405651455822712,1.5521012198862807,1.5730749697449506,0.06366171003717472,2.019683858409017,0.5593822558876127,0.5593822558876127,1.2403281394979222,0.4322916666666667,1763460498.9990945,2.288656314214071,408.9544889,,8.0,42.0
gemma-2-2b,8,['activity'],['activity'],"['accumulated_time', 'day_of_month', 'day_of_week', 'day_of_year', 'hour_of_day', 'min_of_hour', 'month_of_year', 'sec_of_min', 'secs_within_day', 'week_of_year']","['remaining_time', 'time_to_next_event']",cuda,2304,10,lora,,5,2304,BPI12,512,5e-05,nep,1,256,lstm,sum,2946782237,332440349,0.1,ifhzbdsq,young-waterfall-87,3.576366378063129,1.190093617265423,0.4114583333333333,531,9,0.06970260223048327,2.070816377798716,3.172658515992354,0.8882229369288931,1.568668852516812,1.82131549622251,0.06539533886188162,3.3162758660726173,0.8736692381401857,1.1680683717131617,1.6984161945762448,0.4114583333333333,1763461119.1381454,2.070816377798716,531.875681164,,8.0,42.0
gemma-2-2b,8,['activity'],['activity'],"['accumulated_time', 'day_of_month', 'day_of_week', 'day_of_year', 'hour_of_day', 'min_of_hour', 'month_of_year', 'sec_of_min', 'secs_within_day', 'week_of_year']","['remaining_time', 'time_to_next_event']",cuda,2304,10,lora,,5,2304,BPI12,512,5e-05,nep,1,256,lstm,sum,2946782237,332440349,0.1,ruc28fax,vague-silence-88,1.0193658209729952,0.7311494100172793,0.8044510234291257,3358,9,0.714523162710895,0.5191355984996285,0.8771908064552604,0.7311494100172793,1.4145475904258729,1.5571813855188652,0.6360987989705462,2.5299379861292963,0.6652251186964145,0.6652251186964145,2.0231486318011367,0.8044510234291257,1763464567.7781713,0.5191355984996285,3358.491882871,,,43.0
gemma-2-2b,8,['activity'],['activity'],"['accumulated_time', 'day_of_month', 'day_of_week', 'day_of_year', 'hour_of_day', 'min_of_hour', 'month_of_year', 'sec_of_min', 'secs_within_day', 'week_of_year']","['remaining_time', 'time_to_next_event']",cuda,2304,10,freeze,"-1,-2",5,2304,BPI12,,5e-05,nep,1,,lstm,sum,2614514717,156128285,0.1,dqx5ehp8,neat-deluge-89,0.6997003624839444,0.6702132168549727,0.8427083865040069,2515,9,0.7956641406920217,0.4091839336735174,0.6409194727377923,0.6702132168549727,1.3580978026223167,1.423938241268529,0.764798398627395,2.912432629041148,0.6766453801658542,0.6766453801658542,1.932300708510465,0.8427083865040069,1763467266.1232083,0.4091839336735174,2515.321614434,,,43.0
gemma-2-2b,8,['activity'],['activity'],"['accumulated_time', 'day_of_month', 'day_of_week', 'day_of_year', 'hour_of_day', 'min_of_hour', 'month_of_year', 'sec_of_min', 'secs_within_day', 'week_of_year']","['remaining_time', 'time_to_next_event']",cuda,2304,10,freeze,"0,1",5,2304,BPI12,,5e-05,nep,1,,lstm,sum,2614514717,156128285,0.1,r5zgalq6,chocolate-blaze-90,0.7482599721811893,0.654159554373595,0.8402327599407892,2530,9,0.7839219330855018,0.4190548538356446,0.7370391310215815,0.651869837959382,1.3158887408850932,1.3319205860077017,0.7768444380897912,2.454199471236104,0.6626277429863192,0.6626277429863192,2.0532537148932506,0.8402327599407892,1763469972.0915978,0.4190548538356446,2530.558471107,,,43.0
gemma-2-2b,8,['activity'],['activity'],"['accumulated_time', 'day_of_month', 'day_of_week', 'day_of_year', 'hour_of_day', 'min_of_hour', 'month_of_year', 'sec_of_min', 'secs_within_day', 'week_of_year']","['remaining_time', 'time_to_next_event']",cuda,2304,10,freeze,0,5,2304,BPI12,,5e-05,nep,1,,lstm,sum,2614514717,78271517,0.1,lvo4xmme,genial-disco-91,0.7392628729377503,0.6743163931220169,0.8333418406411107,2407,9,0.7892836717186159,0.44610824315278136,0.7392628729377503,0.6743163931220169,1.3238124874843114,1.340750477064818,0.7718401486988847,2.2819987562289827,0.658811193668945,0.658811193668945,2.125162470365656,0.8333418406411107,1763472565.5326836,0.44610824315278136,2407.416700759,,,43.0
gemma-2-2b,8,['activity'],['activity'],"['accumulated_time', 'day_of_month', 'day_of_week', 'day_of_year', 'hour_of_day', 'min_of_hour', 'month_of_year', 'sec_of_min', 'secs_within_day', 'week_of_year']","['remaining_time', 'time_to_next_event']",cuda,2304,10,freeze,-1,5,2304,BPI12,,5e-05,nep,1,,lstm,sum,2614514717,78271517,0.1,z0vat644,denim-cosmos-92,0.6559518324347063,0.6878026797565054,0.839382029163051,2402,9,0.801365456105233,0.421405760010694,0.59949854606044,0.6878026797565054,1.3440153291957624,1.4481827929233604,0.7802402058907635,2.406715221101784,0.6733810775680281,0.6733810775680281,2.202646306400849,0.839382029163051,1763475183.107106,0.421405760010694,2402.165329887,,,43.0
gemma-2-2b,8,['activity'],['activity'],"['accumulated_time', 'day_of_month', 'day_of_week', 'day_of_year', 'hour_of_day', 'min_of_hour', 'month_of_year', 'sec_of_min', 'secs_within_day', 'week_of_year']","['remaining_time', 'time_to_next_event']",cuda,2304,10,freeze,,5,2304,BPI12,,5e-05,nep,1,,lstm,sum,2614514717,414749,0.1,iw41p9ez,blooming-terrain-93,1.4384872262089945,0.8744253655701794,0.6497541388052337,2291,9,0.4393587360594795,0.9136899050361982,1.4384872262089945,0.8744253655701794,1.4760007595652456,1.4975384807941594,0.4393587360594795,1.9481903191443883,0.6805669622379111,0.6805669622379111,1.8709116855022103,0.6497541388052337,1763477629.249982,0.9136899050361982,2291.048042986,,,43.0
gemma-2-2b,8,['activity'],['activity'],"['accumulated_time', 'day_of_month', 'day_of_week', 'day_of_year', 'hour_of_day', 'min_of_hour', 'month_of_year', 'sec_of_min', 'secs_within_day', 'week_of_year']","['remaining_time', 'time_to_next_event']",cuda,2304,0,freeze,,5,2304,BPI12,,5e-05,nep,1,,lstm,sum,2614514717,414749,0.1,rcxvqzzh,usual-thunder-94,4.437554789639419,,,36,0,0.0416964541035173,,4.437554789639419,,3.0699756859983074,3.0699756859983074,0.0416964541035173,1.2587710148885245,,,1.2587710148885245,,1763477877.5681002,,36.538181953,,,43.0
gemma-2-2b,8,['activity'],['activity'],"['accumulated_time', 'day_of_month', 'day_of_week', 'day_of_year', 'hour_of_day', 'min_of_hour', 'month_of_year', 'sec_of_min', 'secs_within_day', 'week_of_year']","['remaining_time', 'time_to_next_event']",cuda,2304,10,freeze,,5,2304,BPI12,,5e-05,nep,1,,lstm,sum,2614514717,414749,0.1,7wm7p8ty,light-valley-95,3.9165224568789982,0.7255769268376753,0.546875,408,9,0.13592007434944237,2.0664299527804055,3.8074818251983142,0.7255769268376753,1.5593955226035878,1.609370780866918,0.13592007434944237,1.406036948455481,0.4600865909208854,0.4600865909208854,1.247559615312592,0.546875,1763478477.2045803,2.0664299527804055,408.415604154,,8.0,43.0
gemma-2-2b,8,['activity'],['activity'],"['accumulated_time', 'day_of_month', 'day_of_week', 'day_of_year', 'hour_of_day', 'min_of_hour', 'month_of_year', 'sec_of_min', 'secs_within_day', 'week_of_year']","['remaining_time', 'time_to_next_event']",cuda,2304,10,lora,,5,2304,BPI12,512,5e-05,nep,1,256,lstm,sum,2946782237,332440349,0.1,4xf4xq9a,avid-violet-96,3.086213387453048,1.156015449669212,0.59375,531,9,0.1782241921647126,1.4616955394546192,2.789305743947519,0.9555314963993928,1.595746857102618,1.6299947520852736,0.16074492422076064,1.9119814475809196,0.692420489465197,0.8137488861878713,1.5006022496942046,0.59375,1763479188.9837189,1.4616955394546192,531.803717889,,8.0,43.0
gemma-2-2b,8,['activity'],['activity'],"['accumulated_time', 'day_of_month', 'day_of_week', 'day_of_year', 'hour_of_day', 'min_of_hour', 'month_of_year', 'sec_of_min', 'secs_within_day', 'week_of_year']","['remaining_time', 'time_to_next_event']",cuda,2304,10,lora,,5,2304,BPI12,512,5e-05,nep,1,256,lstm,sum,2946782237,332440349,0.1,dsn2wgm3,dauntless-donkey-97,0.96748387453929,0.7273554550205644,0.8226991986116073,3375,9,0.6959358021160995,0.4831922167956717,0.9284124182809378,0.7205974783318578,1.320624845809377,1.3704902765447364,0.6875536173863311,2.1111304530357766,0.6626694468957592,0.6626694468957592,1.92875894413894,0.8182413693362598,1763482746.223356,0.471837134634114,3375.056334159,,,44.0
gemma-2-2b,8,['activity'],['activity'],"['accumulated_time', 'day_of_month', 'day_of_week', 'day_of_year', 'hour_of_day', 'min_of_hour', 'month_of_year', 'sec_of_min', 'secs_within_day', 'week_of_year']","['remaining_time', 'time_to_next_event']",cuda,2304,10,freeze,"-1,-2",5,2304,BPI12,,5e-05,nep,1,,lstm,sum,2614514717,156128285,0.1,e1feh4qs,stellar-bush-98,1.0232368625204054,0.6797095630495086,0.8431167372773212,2523,9,0.7823670288818988,0.41077882970592144,0.732993274782261,0.6797095630495086,1.3581579370571426,1.3581579370571426,0.6350085787818129,2.935454086701211,0.6771772672243914,0.6806115814774687,2.2023072125065792,0.8431167372773212,1763485539.1693184,0.41077882970592144,2523.871286872,,,44.0
gemma-2-2b,8,['activity'],['activity'],"['accumulated_time', 'day_of_month', 'day_of_week', 'day_of_year', 'hour_of_day', 'min_of_hour', 'month_of_year', 'sec_of_min', 'secs_within_day', 'week_of_year']","['remaining_time', 'time_to_next_event']",cuda,2304,10,freeze,"0,1",5,2304,BPI12,,5e-05,nep,1,,lstm,sum,2614514717,156128285,0.1,5vsv8pjq,genial-lake-99,0.6947883594017353,0.6514226274197454,0.8411600564885237,2526,9,0.8128395767800972,0.4174371911472836,0.6780120913543325,0.6514226274197454,1.2775458511927058,1.2775458511927058,0.7647805261652846,2.4849146619762172,0.66025199075681,0.66025199075681,2.463307762118046,0.8406240960985486,1763488246.8792963,0.4174371911472836,2526.363791776,,,44.0
gemma-2-2b,8,['activity'],['activity'],"['accumulated_time', 'day_of_month', 'day_of_week', 'day_of_year', 'hour_of_day', 'min_of_hour', 'month_of_year', 'sec_of_min', 'secs_within_day', 'week_of_year']","['remaining_time', 'time_to_next_event']",cuda,2304,10,freeze,0,5,2304,BPI12,,5e-05,nep,1,,lstm,sum,2614514717,78271517,0.1,rre8xg9k,dandy-elevator-100,0.7215843619296712,0.6764270428693563,0.8341160056488524,2423,9,0.7990062911066629,0.4481176442635738,0.6833353392824569,0.6764270428693563,1.2930004350275914,1.3221396442730706,0.7921432656562768,2.412676122335172,0.6571778658456243,0.6571778658456243,2.1636291237647596,0.8341160056488524,1763490938.1127417,0.4481176442635738,2423.848694693,,,44.0
gemma-2-2b,8,['activity'],['activity'],"['accumulated_time', 'day_of_month', 'day_of_week', 'day_of_year', 'hour_of_day', 'min_of_hour', 'month_of_year', 'sec_of_min', 'secs_within_day', 'week_of_year']","['remaining_time', 'time_to_next_event']",cuda,2304,10,freeze,-1,5,2304,BPI12,,5e-05,nep,1,,lstm,sum,2614514717,78271517,0.1,rlky804a,stellar-morning-101,1.385305949026324,0.6949369925019658,0.8414237830296224,2424,9,0.7906241063768945,0.4164699689252306,0.7103944986990461,0.6949369925019658,1.3631069694594702,1.4486463568973642,0.6324528167000286,2.758789594194175,0.6754164123315073,0.6759961880304408,2.454914783968929,0.8414237830296224,1763493669.0460768,0.4164699689252306,2423.990609768,,,44.0
gemma-2-2b,8,['activity'],['activity'],"['accumulated_time', 'day_of_month', 'day_of_week', 'day_of_year', 'hour_of_day', 'min_of_hour', 'month_of_year', 'sec_of_min', 'secs_within_day', 'week_of_year']","['remaining_time', 'time_to_next_event']",cuda,2304,10,freeze,,5,2304,BPI12,,5e-05,nep,1,,lstm,sum,2614514717,414749,0.1,dvyn657l,easy-wildflower-102,1.500555455019926,0.8717946308340402,0.6612134823813656,2314,9,0.400897197597941,0.8997655488540395,1.500555455019926,0.8717946308340402,1.4801518891211376,1.5226884673179513,0.400897197597941,2.015926296225903,0.681174252362859,0.681174252362859,2.015926296225903,0.6612134823813656,1763496232.509232,0.8997655488540395,2314.536080558,,,44.0
gemma-2-2b,8,['activity'],['activity'],"['accumulated_time', 'day_of_month', 'day_of_week', 'day_of_year', 'hour_of_day', 'min_of_hour', 'month_of_year', 'sec_of_min', 'secs_within_day', 'week_of_year']","['remaining_time', 'time_to_next_event']",cuda,2304,0,freeze,,5,2304,BPI12,,5e-05,nep,1,,lstm,sum,2614514717,414749,0.1,1f34lqkd,kind-armadillo-103,4.478836291784691,,,41,0,0.02158993422933943,,4.478836291784691,,3.80706434206244,3.80706434206244,0.02158993422933943,3.4433159025048816,,,3.4433159025048816,,1763496542.4178617,,41.517958487,,,44.0
gemma-2-2b,8,['activity'],['activity'],"['accumulated_time', 'day_of_month', 'day_of_week', 'day_of_year', 'hour_of_day', 'min_of_hour', 'month_of_year', 'sec_of_min', 'secs_within_day', 'week_of_year']","['remaining_time', 'time_to_next_event']",cuda,2304,10,freeze,,5,2304,BPI12,,5e-05,nep,1,,lstm,sum,2614514717,414749,0.1,km5so4af,visionary-flower-104,3.8467917791393305,0.3785878667646709,0.53125,413,9,0.0662174721189591,2.1111766695976257,3.4866487030168924,0.3785878667646709,1.513760227329703,1.534655632373411,0.05118673148412926,1.56855352141745,0.40890628766889375,0.40974463894963264,1.383963216005614,0.53125,1763497123.9366157,2.1111766695976257,413.110246339,,8.0,44.0
gemma-2-2b,8,['activity'],['activity'],"['accumulated_time', 'day_of_month', 'day_of_week', 'day_of_year', 'hour_of_day', 'min_of_hour', 'month_of_year', 'sec_of_min', 'secs_within_day', 'week_of_year']","['remaining_time', 'time_to_next_event']",cuda,2304,10,lora,,5,2304,BPI12,512,5e-05,nep,1,256,lstm,sum,2946782237,332440349,0.1,iyo4mcfu,resilient-voice-105,5.1562346022641075,0.44177317277838785,0.4583333333333333,536,9,0.05544037746639977,1.88266218205293,3.2664905457555276,0.44177317277838785,1.7215369239051086,1.8006993923525354,0.03392193308550186,2.625603093447956,0.8603030977149805,0.9940973042200008,1.588704319879059,0.4583333333333333,1763497887.7003498,1.88266218205293,536.658485004,,8.0,44.0
gemma-2-2b,8,['activity'],['activity'],"['accumulated_time', 'day_of_month', 'day_of_week', 'day_of_year', 'hour_of_day', 'min_of_hour', 'month_of_year', 'sec_of_min', 'secs_within_day', 'week_of_year']","['remaining_time', 'time_to_next_event']",cuda,2304,10,lora,,5,2304,BPI12,512,5e-05,nep,1,256,lstm,sum,2946782237,332440349,0.1,wfk4r6vj,ancient-frog-106,1.1736143911382555,0.7176875947671281,0.8133241454409338,3385,9,0.6503074063482985,0.5114807462610318,1.1379003218660908,0.7133065127221043,1.453104467402994,1.453104467402994,0.6283957678009723,2.210766028063167,0.6718961834849725,0.6800713049931747,2.210766028063167,0.8055144369012982,1763501559.0675807,0.5002603602807315,3385.302163282,,,45.0
gemma-2-2b,8,['activity'],['activity'],"['accumulated_time', 'day_of_month', 'day_of_week', 'day_of_year', 'hour_of_day', 'min_of_hour', 'month_of_year', 'sec_of_min', 'secs_within_day', 'week_of_year']","['remaining_time', 'time_to_next_event']",cuda,2304,10,freeze,"-1,-2",5,2304,BPI12,,5e-05,nep,1,,lstm,sum,2614514717,156128285,0.1,e45zovf3,iconic-grass-107,0.7275531887326337,0.668304541206353,0.8431677811239855,2527,9,0.7853517300543322,0.40267093882631233,0.6779487364277487,0.668304541206353,1.3533322377724817,1.4997822926804187,0.7439054904203604,2.893848993591906,0.6781069755526247,0.6781069755526247,2.4179585042633573,0.8431677811239855,1763504370.7801142,0.40267093882631233,2527.629287766,,,45.0
gemma-2-2b,8,['activity'],['activity'],"['accumulated_time', 'day_of_month', 'day_of_week', 'day_of_year', 'hour_of_day', 'min_of_hour', 'month_of_year', 'sec_of_min', 'secs_within_day', 'week_of_year']","['remaining_time', 'time_to_next_event']",cuda,2304,10,freeze,"0,1",5,2304,BPI12,,5e-05,nep,1,,lstm,sum,2614514717,156128285,0.1,hpt7ki86,confused-capybara-108,0.931064897450952,0.6584163062260702,0.8415003487996189,2528,9,0.7912496425507578,0.4207146403808708,0.6790183418506822,0.6584163062260702,1.2887649645874144,1.2887649645874144,0.6334715470403203,2.3801410734292077,0.6612682027684175,0.6612682027684175,2.3801410734292077,0.8415003487996189,1763507208.3719175,0.4207146403808708,2528.698829811,,,45.0
gemma-2-2b,8,['activity'],['activity'],"['accumulated_time', 'day_of_month', 'day_of_week', 'day_of_year', 'hour_of_day', 'min_of_hour', 'month_of_year', 'sec_of_min', 'secs_within_day', 'week_of_year']","['remaining_time', 'time_to_next_event']",cuda,2304,10,freeze,0,5,2304,BPI12,,5e-05,nep,1,,lstm,sum,2614514717,78271517,0.1,dw8i46k6,devout-yogurt-109,0.7222574777711552,0.7043923909402088,0.8355707552787844,2427,9,0.7978267086073777,0.44756825044521714,0.7222574777711552,0.7030033341030575,1.3324652491608897,1.3508546702270277,0.7978267086073777,2.6064641983462473,0.6551926193843923,0.6551926193843923,2.2389773352911617,0.8355707552787844,1763509942.5805864,0.44756825044521714,2427.888471236,,,45.0
gemma-2-2b,8,['activity'],['activity'],"['accumulated_time', 'day_of_month', 'day_of_week', 'day_of_year', 'hour_of_day', 'min_of_hour', 'month_of_year', 'sec_of_min', 'secs_within_day', 'week_of_year']","['remaining_time', 'time_to_next_event']",cuda,2304,10,freeze,-1,5,2304,BPI12,,5e-05,nep,1,,lstm,sum,2614514717,78271517,0.1,1ca3jrzg,major-deluge-110,0.7177679142484605,0.690944669014352,0.8390417368519558,2424,9,0.8004539605376036,0.42454882906003016,0.6660264161593034,0.690944669014352,1.375241960028268,1.4051747551986302,0.7728946239633971,2.6228221770339215,0.6726348576396808,0.6726348576396808,2.255412383149369,0.8390417368519558,1763512604.0779607,0.42454882906003016,2424.45187733,,,45.0
gemma-2-2b,8,['activity'],['activity'],"['accumulated_time', 'day_of_month', 'day_of_week', 'day_of_year', 'hour_of_day', 'min_of_hour', 'month_of_year', 'sec_of_min', 'secs_within_day', 'week_of_year']","['remaining_time', 'time_to_next_event']",cuda,2304,10,freeze,,5,2304,BPI12,,5e-05,nep,1,,lstm,sum,2614514717,414749,0.1,nehiud0i,colorful-shadow-111,1.4911013164876834,0.8664599766250041,0.6741871267418713,2299,9,0.3958929082070346,0.8812980731202574,1.4500282918823968,0.8664599766250041,1.4658262413533734,1.5617121575573474,0.3711038032599371,2.14161147060864,0.6765749098955959,0.6765749098955959,2.115496269741232,0.6741871267418713,1763515205.494571,0.8812980731202574,2299.458349407,,,45.0
gemma-2-2b,8,['activity'],['activity'],"['accumulated_time', 'day_of_month', 'day_of_week', 'day_of_year', 'hour_of_day', 'min_of_hour', 'month_of_year', 'sec_of_min', 'secs_within_day', 'week_of_year']","['remaining_time', 'time_to_next_event']",cuda,2304,0,freeze,,5,2304,BPI12,,5e-05,nep,1,,lstm,sum,2614514717,414749,0.1,v2koicvd,zesty-cosmos-112,3.924763001132973,,,40,0,0.03442236202459251,,3.924763001132973,,7.837525208745645,7.837525208745645,0.03442236202459251,5.108995277216205,,,5.108995277216205,,1763515532.05538,,40.967638792,,,45.0
gemma-2-2b,8,['activity'],['activity'],"['accumulated_time', 'day_of_month', 'day_of_week', 'day_of_year', 'hour_of_day', 'min_of_hour', 'month_of_year', 'sec_of_min', 'secs_within_day', 'week_of_year']","['remaining_time', 'time_to_next_event']",cuda,2304,10,freeze,,5,2304,BPI12,,5e-05,nep,1,,lstm,sum,2614514717,414749,0.1,u39c9fnt,proud-donkey-113,3.5565076876545687,0.8404443838129131,0.46875,417,9,0.08805762081784387,2.220105109115442,3.324150738049344,0.8164433715088913,1.5729225572855907,1.6636805123078813,0.08805762081784387,1.826484410714892,0.4199598585255444,0.4199598585255444,1.530818602256104,0.46875,1763516157.7304869,2.220105109115442,417.100309984,,8.0,45.0
gemma-2-2b,8,['activity'],['activity'],"['accumulated_time', 'day_of_month', 'day_of_week', 'day_of_year', 'hour_of_day', 'min_of_hour', 'month_of_year', 'sec_of_min', 'secs_within_day', 'week_of_year']","['remaining_time', 'time_to_next_event']",cuda,2304,10,lora,,5,2304,BPI12,512,5e-05,nep,1,256,lstm,sum,2946782237,332440349,0.1,uli6ulmr,pious-armadillo-114,4.674206750339053,1.2028981734765694,0.390625,535,9,0.10371389762653704,2.1071611944741258,3.2829327350144117,0.9414683615596005,1.5467941957795692,4.817143926492308,0.06519874177866743,7.578270436560457,0.7071478488311792,0.7071478488311792,1.167794605374575,0.390625,1763516896.5814834,2.1071611944741258,535.122956814,,8.0,45.0
