backbone,batch_size,categorical_features,categorical_targets,continuous_features,continuous_targets,device,embedding_size,epochs,fine_tuning,freeze_layers,grad_clip,hidden_size,log,lora_alpha,lr,n_layers,r,rnn_type,strategy,total_params,trainable_params,weight_decay,id,name,_wandb.runtime,best_test_next_activity_acc,test_next_time_to_next_event_loss,best_test_next_activity_loss,train_next_remaining_time_loss,best_train_next_time_to_next_event_loss,train_next_activity_acc,best_train_next_activity_loss,best_train_next_remaining_time_loss,best_test_next_time_to_next_event_loss,test_next_remaining_time_loss,best_train_next_activity_acc,train_next_time_to_next_event_loss,_timestamp,test_next_activity_loss,best_test_next_remaining_time_loss,_runtime,train_next_activity_loss,test_next_activity_acc,_step,model,few_shot_k
qwen25-05b,8,['activity'],['activity'],"['accumulated_time', 'day_of_month', 'day_of_week', 'day_of_year', 'hour_of_day', 'min_of_hour', 'month_of_year', 'sec_of_min', 'secs_within_day', 'week_of_year']","['remaining_time', 'time_to_next_event']",cuda,896,10,lora,,5,896,BPI12,512,5e-05,1,256,lstm,sum,634871325,140838557,0.1,5k9kjx5s,decent-shape-1,1271,0.7640656276808693,1.438204563363476,0.7421670959171036,0.6717940730947108,0.6808098928894398,0.8220611505283039,0.4656867402932031,0.666474647702608,1.3742643532581134,2.4898674284411055,0.8220611505283039,0.6908739886374484,1762621049.9282806,0.8730414484206492,2.2506146382087455,1271.900991141,0.4656867402932031,0.6773305690591936,9,,
qwen25-05b,8,['activity'],['activity'],"['accumulated_time', 'day_of_month', 'day_of_week', 'day_of_year', 'hour_of_day', 'min_of_hour', 'month_of_year', 'sec_of_min', 'secs_within_day', 'week_of_year']","['remaining_time', 'time_to_next_event']",cuda,896,10,freeze,"-1,-2",5,896,BPI12,,5e-05,1,,lstm,sum,494099997,29932317,0.1,hyv5lk25,comic-dew-2,682,0.6941306834429511,1.4495000339566986,0.952326509614723,0.4905630190271448,0.22273978306775055,0.8980143943647594,0.25025299459362665,0.4905630190271448,1.3819663720652844,2.5811369508299933,0.8980143943647594,0.22273978306775055,1762621751.8516204,1.3114203251972858,2.5811369508299933,682.809176377,0.25025299459362665,0.6305047183299971,9,,
qwen25-05b,8,['activity'],['activity'],"['accumulated_time', 'day_of_month', 'day_of_week', 'day_of_year', 'hour_of_day', 'min_of_hour', 'month_of_year', 'sec_of_min', 'secs_within_day', 'week_of_year']","['remaining_time', 'time_to_next_event']",cuda,896,10,freeze,"0,1",5,896,BPI12,,5e-05,1,,lstm,sum,494099997,29932317,0.1,nb1fbcut,cool-vortex-3,683,0.8013475836431226,1.4247238407095786,0.5994619573052351,0.5799963032024683,0.532910488750943,0.8576046824222007,0.3622553799716363,0.5799963032024683,1.3314381554583767,2.468098847882413,0.8576046824222007,0.532910488750943,1762622453.3888345,0.9404219020715194,2.356336756149711,683.642805009,0.3622553799716363,0.6692700886474121,9,,
qwen25-05b,8,['activity'],['activity'],"['accumulated_time', 'day_of_month', 'day_of_week', 'day_of_year', 'hour_of_day', 'min_of_hour', 'month_of_year', 'sec_of_min', 'secs_within_day', 'week_of_year']","['remaining_time', 'time_to_next_event']",cuda,896,10,freeze,0,5,896,BPI12,,5e-05,1,,lstm,sum,494099997,15021725,0.1,hc6f8pvh,hearty-valley-4,657,0.7771482699456678,1.4983551145725915,0.7216803628801106,0.6125137299519374,0.6239974042069059,0.8511221138958365,0.3860725161147889,0.6125137299519374,1.379770552490225,2.863602024633549,0.8511221138958365,0.6239974042069059,1762623129.352992,1.2538121437213403,2.122669314835242,657.972660294,0.3860725161147889,0.5211252502144695,9,,
qwen25-05b,8,['activity'],['activity'],"['accumulated_time', 'day_of_month', 'day_of_week', 'day_of_year', 'hour_of_day', 'min_of_hour', 'month_of_year', 'sec_of_min', 'secs_within_day', 'week_of_year']","['remaining_time', 'time_to_next_event']",cuda,896,10,freeze,-1,5,896,BPI12,,5e-05,1,,lstm,sum,494099997,15021725,0.1,ydodhym3,curious-totem-5,655,0.7342007434944238,1.6059385941427522,0.8563547438132548,0.5805540285897297,0.4419830345666885,0.865746175965154,0.3320882280487104,0.5805540285897297,1.414110004739963,2.5457209549734543,0.865746175965154,0.4419830345666885,1762623801.507613,0.8985313788963993,2.417874796031065,654.75824608,0.3320882280487104,0.7173470117243351,9,,
qwen25-05b,8,['activity'],['activity'],"['accumulated_time', 'day_of_month', 'day_of_week', 'day_of_year', 'hour_of_day', 'min_of_hour', 'month_of_year', 'sec_of_min', 'secs_within_day', 'week_of_year']","['remaining_time', 'time_to_next_event']",cuda,896,10,freeze,,5,896,BPI12,,5e-05,1,,lstm,sum,494099997,111133,0.1,wppcwz39,usual-frog-6,643,0.5819273663139835,1.5237841491196236,1.3411245271329169,0.6258368998042857,0.8052675371448844,0.8002484133870995,0.5566814033433399,0.6258368998042857,1.5213718001019931,2.4037223107439556,0.8002484133870995,0.8052675371448844,1762624463.450288,1.3411245271329169,2.3830753987612967,643.808082262,0.5566814033433399,0.5819273663139835,9,,
qwen25-05b,8,['activity'],['activity'],"['accumulated_time', 'day_of_month', 'day_of_week', 'day_of_year', 'hour_of_day', 'min_of_hour', 'month_of_year', 'sec_of_min', 'secs_within_day', 'week_of_year']","['remaining_time', 'time_to_next_event']",cuda,896,10,lora,,5,896,BPI17,512,5e-05,1,256,lstm,sum,634873118,140840350,0.1,nhaw5fcn,fiery-breeze-7,4205,0.8598591979164547,0.7162030384368683,0.4109741481979941,0.5645098902899215,0.5975195170411925,0.8595982422633651,0.4123966557003531,0.5645098902899215,0.6813183253829248,0.6780951018363868,0.8595982422633651,0.5975195170411925,1762628698.774508,0.4241276911005025,0.6189988257938487,4204.985930765,0.4123966557003531,0.8578550064093434,9,,
qwen25-05b,8,['activity'],['activity'],"['accumulated_time', 'day_of_month', 'day_of_week', 'day_of_year', 'hour_of_day', 'min_of_hour', 'month_of_year', 'sec_of_min', 'secs_within_day', 'week_of_year']","['remaining_time', 'time_to_next_event']",cuda,896,10,freeze,"-1,-2",5,896,BPI17,,5e-05,1,,lstm,sum,494101790,29934110,0.1,h9jd3m18,zesty-planet-8,2404,0.8501434472093923,0.9244250488493406,0.43847656023613846,0.463234882140736,0.1529070748562074,0.9037315294319124,0.254640379207532,0.463234882140736,0.914967058494706,1.898198356739412,0.9037315294319124,0.1529070748562074,1762631154.686891,0.5291091456781212,0.6845138895670987,2404.396777708,0.254640379207532,0.8207655943733425,9,nep,
qwen25-05b,8,['activity'],['activity'],"['accumulated_time', 'day_of_month', 'day_of_week', 'day_of_year', 'hour_of_day', 'min_of_hour', 'month_of_year', 'sec_of_min', 'secs_within_day', 'week_of_year']","['remaining_time', 'time_to_next_event']",cuda,896,10,freeze,"0,1",5,896,BPI17,,5e-05,1,,lstm,sum,494101790,29934110,0.1,i3w5ygw0,wise-bee-9,2396,0.8400546659341703,1.0397875437820372,0.4964365220016684,0.49461401711981534,0.401146196778793,0.895662619801963,0.27886867024348444,0.49461401711981534,1.019067107025005,1.659996887367856,0.895662619801963,0.401146196778793,1762633797.3304112,1.3272106691135472,1.659996887367856,2396.940057044,0.27886867024348444,0.6237647601413446,9,nep,
qwen25-05b,8,['activity'],['activity'],"['accumulated_time', 'day_of_month', 'day_of_week', 'day_of_year', 'hour_of_day', 'min_of_hour', 'month_of_year', 'sec_of_min', 'secs_within_day', 'week_of_year']","['remaining_time', 'time_to_next_event']",cuda,896,10,freeze,0,5,896,BPI17,,5e-05,1,,lstm,sum,494101790,15023518,0.1,cjo0h2vd,wild-hill-10,2320,0.8424522351313407,0.98245459255997,0.4809020564511184,0.521281378942864,0.5018575678037287,0.889118885492716,0.2998062445162971,0.521281378942864,0.9744456328565384,6.259426626040544,0.889118885492716,0.5018575678037287,1762636191.8628173,0.8319937324067272,1.6392056209028567,2320.959698998,0.2998062445162971,0.7488215625233144,9,nep,
qwen25-05b,8,['activity'],['activity'],"['accumulated_time', 'day_of_month', 'day_of_week', 'day_of_year', 'hour_of_day', 'min_of_hour', 'month_of_year', 'sec_of_min', 'secs_within_day', 'week_of_year']","['remaining_time', 'time_to_next_event']",cuda,896,10,freeze,-1,5,896,BPI17,,5e-05,1,,lstm,sum,494101790,15023518,0.1,a8cqzqh5,colorful-frog-11,2315,0.8591199191541024,1.108530458712964,0.3989485862787249,0.5111809873580518,0.2138333692064821,0.8958115384663115,0.2788027059929089,0.5111809873580518,0.9139250785846316,5.098191916071414,0.8958115384663115,0.2138333692064821,1762638537.4876497,0.4834059011798658,0.6804915373628431,2315.515223795,0.2788027059929089,0.8351611831173147,9,nep,
qwen25-05b,8,['activity'],['activity'],"['accumulated_time', 'day_of_month', 'day_of_week', 'day_of_year', 'hour_of_day', 'min_of_hour', 'month_of_year', 'sec_of_min', 'secs_within_day', 'week_of_year']","['remaining_time', 'time_to_next_event']",cuda,896,10,freeze,,5,896,BPI17,,5e-05,1,,lstm,sum,494101790,112926,0.1,o7br3aq1,lunar-forest-12,2245,0.8298166724316846,0.9241577307839226,0.4917081767337248,0.546641480362031,0.61354867192916,0.8657585110119147,0.3907947823352544,0.546641480362031,0.8891246390306652,0.7875559405648059,0.8657585110119147,0.61354867192916,1762640812.779678,0.5075827267976841,0.7127912407147255,2245.814549827,0.3907947823352544,0.8236243650002374,9,nep,
qwen25-05b,8,['activity'],['activity'],"['accumulated_time', 'day_of_month', 'day_of_week', 'day_of_year', 'hour_of_day', 'min_of_hour', 'month_of_year', 'sec_of_min', 'secs_within_day', 'week_of_year']","['remaining_time', 'time_to_next_event']",cuda,896,10,lora,,5,896,BPI20PrepaidTravelCosts,512,5e-05,1,256,lstm,sum,634880290,140847522,0.1,8wuine0w,classic-totem-13,219,0.7467326732673267,0.9580225806661172,0.9061941575531912,0.6855684461888303,0.7199279753902879,0.7662921348314606,0.7854009618026934,0.6849866019764197,0.9580225806661172,0.9320864248747872,0.773314606741573,0.7309505280260736,1762641048.2913024,1.0209363486035037,0.9320864248747872,219.897821985,0.7898545183046034,0.6922772277227722,9,nep,
qwen25-05b,8,['activity'],['activity'],"['accumulated_time', 'day_of_month', 'day_of_week', 'day_of_year', 'hour_of_day', 'min_of_hour', 'month_of_year', 'sec_of_min', 'secs_within_day', 'week_of_year']","['remaining_time', 'time_to_next_event']",cuda,896,10,freeze,"-1,-2",5,896,BPI20PrepaidTravelCosts,,5e-05,1,,lstm,sum,494108962,29941282,0.1,5n3uvxzc,rich-leaf-14,114,0.6203960396039604,1.307185234598594,1.2379548697896523,0.41542924489644584,0.3268160327878338,0.9215355805243446,0.25295472624484966,0.41542924489644584,1.053878172222931,1.3730771856968946,0.9215355805243446,0.3268160327878338,1762641177.292846,1.5058151890971874,1.061423924512202,114.394305006,0.25295472624484966,0.6203960396039604,9,nep,
qwen25-05b,8,['activity'],['activity'],"['accumulated_time', 'day_of_month', 'day_of_week', 'day_of_year', 'hour_of_day', 'min_of_hour', 'month_of_year', 'sec_of_min', 'secs_within_day', 'week_of_year']","['remaining_time', 'time_to_next_event']",cuda,896,10,freeze,"0,1",5,896,BPI20PrepaidTravelCosts,,5e-05,1,,lstm,sum,494108962,29941282,0.1,fgeddh5e,fiery-sound-15,114,0.6443564356435644,1.5512374885483544,1.1148362428835124,0.5385548074816943,0.5014607906118315,0.8588951310861423,0.4645004793499293,0.5385548074816943,1.0730256342179705,1.035304533986762,0.8588951310861423,0.5014607906118315,1762641304.76413,1.171026372815123,0.9079934433663246,114.198436045,0.4645004793499293,0.6443564356435644,9,nep,
qwen25-05b,8,['activity'],['activity'],"['accumulated_time', 'day_of_month', 'day_of_week', 'day_of_year', 'hour_of_day', 'min_of_hour', 'month_of_year', 'sec_of_min', 'secs_within_day', 'week_of_year']","['remaining_time', 'time_to_next_event']",cuda,896,10,freeze,0,5,896,BPI20PrepaidTravelCosts,,5e-05,1,,lstm,sum,494108962,15030690,0.1,vy62qc0w,dutiful-darkness-16,109,0.6037623762376237,1.1551737597437188,1.304883326162206,0.5477651489249776,0.5251059745581409,0.8329588014981273,0.5463876362150528,0.5477651489249776,1.1492669423735968,1.080904116394496,0.8329588014981273,0.5251059745581409,1762641427.5250683,1.304883326162206,0.9672325504416286,109.01662277,0.5463876362150528,0.6001980198019802,9,nep,
qwen25-05b,8,['activity'],['activity'],"['accumulated_time', 'day_of_month', 'day_of_week', 'day_of_year', 'hour_of_day', 'min_of_hour', 'month_of_year', 'sec_of_min', 'secs_within_day', 'week_of_year']","['remaining_time', 'time_to_next_event']",cuda,896,10,freeze,-1,5,896,BPI20PrepaidTravelCosts,,5e-05,1,,lstm,sum,494108962,15030690,0.1,6bwvo4j9,likely-monkey-17,110,0.597029702970297,1.355531004443027,1.3708363192152269,0.4479533717092057,0.4085014046466306,0.8822097378277154,0.3927342517992084,0.4479533717092057,1.1684303539578278,1.7490953063964845,0.8822097378277154,0.4085014046466306,1762641551.3940134,1.3708363192152269,0.98042194895225,110.699090242,0.3927342517992084,0.597029702970297,9,nep,
qwen25-05b,8,['activity'],['activity'],"['accumulated_time', 'day_of_month', 'day_of_week', 'day_of_year', 'hour_of_day', 'min_of_hour', 'month_of_year', 'sec_of_min', 'secs_within_day', 'week_of_year']","['remaining_time', 'time_to_next_event']",cuda,896,10,freeze,,5,896,BPI20PrepaidTravelCosts,,5e-05,1,,lstm,sum,494108962,120098,0.1,1038jw5q,devout-thunder-18,104,0.5900990099009901,1.1850958289722404,1.434538594519738,0.6217592372429951,0.690271854646197,0.7853932584269663,0.8206100869268067,0.6217592372429951,1.1850958289722404,1.1566813429275362,0.7853932584269663,0.690271854646197,1762641669.3770702,1.434538594519738,1.1558884726420489,104.661051716,0.8206100869268067,0.5900990099009901,9,nep,
qwen25-05b,8,['activity'],['activity'],"['accumulated_time', 'day_of_month', 'day_of_week', 'day_of_year', 'hour_of_day', 'min_of_hour', 'month_of_year', 'sec_of_min', 'secs_within_day', 'week_of_year']","['remaining_time', 'time_to_next_event']",cuda,896,10,lora,,5,896,BPI20TravelPermitData,512,5e-05,1,256,lstm,sum,634917943,140885175,0.1,n84z8h1p,comic-flower-19,766,0.7602655140475455,0.8745913037991737,0.8425193852574488,0.5406789667802409,0.7233049927351952,0.7756274335942018,0.729383395757638,0.5406789667802409,0.8480067738341343,1.0982437044280884,0.7756274335942018,0.7233049927351952,1762642453.8256228,0.9264611990005008,0.8619110624743818,766.364530702,0.729383395757638,0.7390552639703613,9,nep,
qwen25-05b,8,['activity'],['activity'],"['accumulated_time', 'day_of_month', 'day_of_week', 'day_of_year', 'hour_of_day', 'min_of_hour', 'month_of_year', 'sec_of_min', 'secs_within_day', 'week_of_year']","['remaining_time', 'time_to_next_event']",cuda,896,10,freeze,"-1,-2",5,896,BPI20TravelPermitData,,5e-05,1,,lstm,sum,494146615,29978935,0.1,up7ock4a,hearty-donkey-20,392,0.6272306267366471,1.1054751871691402,1.2407866374030825,0.2899430954142439,0.27818896534347404,0.9101738694629709,0.2603797720954672,0.2899430954142439,0.9907105216497109,1.0878159732942263,0.9101738694629709,0.27818896534347404,1762642863.6400075,1.5771722301872986,0.9402482632245132,392.36485039,0.2603797720954672,0.6272306267366471,9,nep,
qwen25-05b,8,['activity'],['activity'],"['accumulated_time', 'day_of_month', 'day_of_week', 'day_of_year', 'hour_of_day', 'min_of_hour', 'month_of_year', 'sec_of_min', 'secs_within_day', 'week_of_year']","['remaining_time', 'time_to_next_event']",cuda,896,10,freeze,"0,1",5,896,BPI20TravelPermitData,,5e-05,1,,lstm,sum,494146615,29978935,0.1,z5ac08bm,brisk-feather-21,397,0.665050941648657,1.1242474426123492,1.1433675596985635,0.40021077056375776,0.5098233293184563,0.8489725895369906,0.4624619763001999,0.40021077056375776,0.9621086484526882,1.063693718646698,0.8489725895369906,0.5098233293184563,1762643277.135743,1.1447723051838463,0.9281284833108984,397.544773852,0.4624619763001999,0.665050941648657,9,nep,
qwen25-05b,8,['activity'],['activity'],"['accumulated_time', 'day_of_month', 'day_of_week', 'day_of_year', 'hour_of_day', 'min_of_hour', 'month_of_year', 'sec_of_min', 'secs_within_day', 'week_of_year']","['remaining_time', 'time_to_next_event']",cuda,896,10,freeze,0,5,896,BPI20TravelPermitData,,5e-05,1,,lstm,sum,494146615,15068343,0.1,seboaecr,glorious-galaxy-22,391,0.6447669033652362,1.099746453655322,1.2140335868559855,0.4586565599435462,0.61457811076941,0.8325494429237827,0.5306856625155203,0.4586565599435462,0.939499932036204,0.9484089573138508,0.8325494429237827,0.61457811076941,1762643684.458725,1.2717397606788725,0.9063991633489126,391.133903817,0.5306856625155203,0.6339919728311207,9,nep,
qwen25-05b,8,['activity'],['activity'],"['accumulated_time', 'day_of_month', 'day_of_week', 'day_of_year', 'hour_of_day', 'min_of_hour', 'month_of_year', 'sec_of_min', 'secs_within_day', 'week_of_year']","['remaining_time', 'time_to_next_event']",cuda,896,10,freeze,-1,5,896,BPI20TravelPermitData,,5e-05,1,,lstm,sum,494146615,15068343,0.1,3ar6dkpk,robust-terrain-23,385,0.6189873417721519,1.238999825607446,1.260867249976709,0.41697218164068,0.47348253757934616,0.853579552025907,0.45024747101057144,0.41697218164068,1.093207514687209,1.219399028282248,0.853579552025907,0.47348253757934616,1762644086.6949368,1.3899341685715263,0.927132945871898,385.798715395,0.45024747101057144,0.6065761037357209,9,nep,
qwen25-05b,8,['activity'],['activity'],"['accumulated_time', 'day_of_month', 'day_of_week', 'day_of_year', 'hour_of_day', 'min_of_hour', 'month_of_year', 'sec_of_min', 'secs_within_day', 'week_of_year']","['remaining_time', 'time_to_next_event']",cuda,896,10,freeze,,5,896,BPI20TravelPermitData,,5e-05,1,,lstm,sum,494146615,157751,0.1,ncqzv391,flowing-cosmos-24,380,0.6079962951528249,0.9690540974432392,1.267382352003973,0.48995291233117894,0.687273181694834,0.7954046031072902,0.6942672614414481,0.48995291233117894,0.9689106491621206,0.8698390267888275,0.7954046031072902,0.687273181694834,1762644483.5397909,1.267382352003973,0.8564472426378863,380.865387761,0.6942672614414481,0.6079962951528249,9,nep,
qwen25-05b,8,['activity'],['activity'],"['accumulated_time', 'day_of_month', 'day_of_week', 'day_of_year', 'hour_of_day', 'min_of_hour', 'month_of_year', 'sec_of_min', 'secs_within_day', 'week_of_year']","['remaining_time', 'time_to_next_event']",cuda,896,10,lora,,5,896,BPI20RequestForPayment,512,5e-05,1,256,lstm,sum,634856981,140824213,0.1,skrptjoq,jumping-butterfly-25,751,0.8913506604175543,0.7701822235712594,0.2643390274779259,0.5949968357974992,0.6965373991893583,0.8785622040464917,0.2982722862907078,0.5880761329387726,0.7445805186220333,0.6511543106243803,0.8798536375376668,0.7072001227930195,1762645251.0109007,0.2647430565932515,0.6511543106243803,750.986975278,0.30145436772179407,0.8801306632580599,9,nep,
qwen25-05b,8,['activity'],['activity'],"['accumulated_time', 'day_of_month', 'day_of_week', 'day_of_year', 'hour_of_day', 'min_of_hour', 'month_of_year', 'sec_of_min', 'secs_within_day', 'week_of_year']","['remaining_time', 'time_to_next_event']",cuda,896,10,freeze,"-1,-2",5,896,BPI20RequestForPayment,,5e-05,1,,lstm,sum,494085653,29917973,0.1,pyq6vrok,revived-brook-26,382,0.8903564834540548,0.8203744278122055,0.2949839322307269,0.4583826974092041,0.4716543946756765,0.8923374946190271,0.283101938153668,0.4583826974092041,0.7887104761361771,0.7153179051269609,0.8923374946190271,0.4716543946756765,1762645649.5451016,0.2949839322307269,0.6799169782717921,382.45378163,0.283101938153668,0.8902144581735549,9,nep,
qwen25-05b,8,['activity'],['activity'],"['accumulated_time', 'day_of_month', 'day_of_week', 'day_of_year', 'hour_of_day', 'min_of_hour', 'month_of_year', 'sec_of_min', 'secs_within_day', 'week_of_year']","['remaining_time', 'time_to_next_event']",cuda,896,10,freeze,"0,1",5,896,BPI20RequestForPayment,,5e-05,1,,lstm,sum,494085653,29917973,0.1,c6pqr2j1,flowing-fire-27,381,0.8897883823320551,0.9902069564909272,0.28269616942262804,0.5120253977157717,0.5938898763110604,0.8893671975893241,0.2780653839833871,0.5120253977157717,0.7660693894765405,0.95574155935356,0.8893671975893241,0.5938898763110604,1762646045.821505,0.33794972070694784,0.7216629770699083,381.261080005,0.2780653839833871,0.8804147138190598,9,nep,
qwen25-05b,8,['activity'],['activity'],"['accumulated_time', 'day_of_month', 'day_of_week', 'day_of_year', 'hour_of_day', 'min_of_hour', 'month_of_year', 'sec_of_min', 'secs_within_day', 'week_of_year']","['remaining_time', 'time_to_next_event']",cuda,896,10,freeze,0,5,896,BPI20RequestForPayment,,5e-05,1,,lstm,sum,494085653,15007381,0.1,reqv391f,fluent-donkey-28,371,0.892060786820054,0.7957296696530031,0.28253958750441577,0.5672713558683096,0.6772398850448779,0.8787343951786483,0.31015555405996503,0.5672713558683096,0.7718180856351198,0.7186001055180696,0.8801980198019802,0.6772398850448779,1762646432.3385952,0.2892272945426266,0.7122710614935137,371.343786474,0.31968348428600574,0.8916347109785542,9,nep,
qwen25-05b,8,['activity'],['activity'],"['accumulated_time', 'day_of_month', 'day_of_week', 'day_of_year', 'hour_of_day', 'min_of_hour', 'month_of_year', 'sec_of_min', 'secs_within_day', 'week_of_year']","['remaining_time', 'time_to_next_event']",cuda,896,10,freeze,-1,5,896,BPI20RequestForPayment,,5e-05,1,,lstm,sum,494085653,15007381,0.1,i1hi4imj,vibrant-pine-29,367,0.889930407612555,1.0432208956109077,0.28587576280075655,0.4649185554969942,0.4525751626650629,0.8917778734395179,0.28968282954938135,0.4649185554969942,0.7693530927749371,0.8757854932886077,0.8918209212225571,0.4525751626650629,1762646815.498895,0.30775249696830986,0.6695166705532044,367.780484435,0.28968282954938135,0.8835392699900583,9,nep,
qwen25-05b,8,['activity'],['activity'],"['accumulated_time', 'day_of_month', 'day_of_week', 'day_of_year', 'hour_of_day', 'min_of_hour', 'month_of_year', 'sec_of_min', 'secs_within_day', 'week_of_year']","['remaining_time', 'time_to_next_event']",cuda,896,10,freeze,,5,896,BPI20RequestForPayment,,5e-05,1,,lstm,sum,494085653,96789,0.1,2auxc8ee,helpful-valley-30,356,0.8910666098565545,0.7371293527635385,0.2995155461385429,0.5818659808940534,0.6947674463598881,0.8736547567800258,0.3531626109978376,0.5818659808940534,0.7371293527635385,0.688557373124621,0.8736547567800258,0.6947674463598881,1762647187.576803,0.2995155461385429,0.6883562205782873,356.828176739,0.3531626109978376,0.8887942053685556,9,nep,
qwen25-05b,8,['activity'],['activity'],"['accumulated_time', 'day_of_month', 'day_of_week', 'day_of_year', 'hour_of_day', 'min_of_hour', 'month_of_year', 'sec_of_min', 'secs_within_day', 'week_of_year']","['remaining_time', 'time_to_next_event']",cuda,896,10,freeze,,5,896,BPI12,,5e-05,1,,lstm,sum,494099997,111133,0.1,s567wvhr,usual-salad-31,121,0.03419002001715756,2.1011173922716635,3.60581797615337,0.6031768024355794,0.9128178694906334,0.22395833333333337,2.6656010473767915,0.6031768024355794,2.1011173922716635,3.271991445597987,0.22395833333333337,0.9128178694906334,1763291938.3863366,3.6133535636436065,3.270827382266061,121.726545492,2.6656010473767915,0.03419002001715756,9,nep,8.0
qwen25-05b,8,['activity'],['activity'],"['accumulated_time', 'day_of_month', 'day_of_week', 'day_of_year', 'hour_of_day', 'min_of_hour', 'month_of_year', 'sec_of_min', 'secs_within_day', 'week_of_year']","['remaining_time', 'time_to_next_event']",cuda,896,10,lora,,5,896,BPI12,512,5e-05,1,256,lstm,sum,634871325,140838557,0.1,0zhp66tr,prime-rain-32,177,0.18721404060623392,1.7782555510275853,2.994172489639688,0.8891037615636984,0.9464340014771248,0.041666666666666664,2.9536758263905845,0.7819268989066283,1.576577262279133,3.434929290570666,0.052083333333333336,1.1144954653767247,1763292132.1476066,3.215689758113155,1.3420118883333103,177.517229417,2.9536758263905845,0.018462253360022877,9,nep,8.0
qwen25-05b,8,['activity'],['activity'],"['accumulated_time', 'day_of_month', 'day_of_week', 'day_of_year', 'hour_of_day', 'min_of_hour', 'month_of_year', 'sec_of_min', 'secs_within_day', 'week_of_year']","['remaining_time', 'time_to_next_event']",cuda,896,10,freeze,,5,896,BPI17,,5e-05,1,,lstm,sum,494101790,112926,0.1,3uhilpwm,polar-planet-33,368,0.05080676338331943,1.595873719464282,3.501577267890737,0.7344817101955414,2.6024314510822295,0.185,2.9108329677581786,0.7344817101955414,1.595873719464282,1.6027786530996304,0.185,2.6024314510822295,1763292528.7802317,3.501577267890737,1.6027786530996304,368.731068551,2.9108329677581786,0.05080676338331943,9,nep,8.0
qwen25-05b,8,['activity'],['activity'],"['accumulated_time', 'day_of_month', 'day_of_week', 'day_of_year', 'hour_of_day', 'min_of_hour', 'month_of_year', 'sec_of_min', 'secs_within_day', 'week_of_year']","['remaining_time', 'time_to_next_event']",cuda,896,10,lora,,5,896,BPI17,512,5e-05,1,256,lstm,sum,634873118,140840350,0.1,ovktmz9k,rosy-field-34,572,0.056988897253816784,1.277845616411496,2.8208717380705592,0.5900735008716583,3.25513903465122,0.085,2.8954362726211547,0.5900735008716583,1.2063029102813372,1.0611354973207834,0.085,3.3591627344489097,1763293129.3331573,3.0278735614925925,0.6792037325665212,572.604159947,2.8954362726211547,0.041603081910730394,9,nep,8.0
qwen25-05b,8,['activity'],['activity'],"['accumulated_time', 'day_of_month', 'day_of_week', 'day_of_year', 'hour_of_day', 'min_of_hour', 'month_of_year', 'sec_of_min', 'secs_within_day', 'week_of_year']","['remaining_time', 'time_to_next_event']",cuda,896,10,freeze,,5,896,BPI20PrepaidTravelCosts,,5e-05,1,,lstm,sum,494108962,120098,0.1,1j1ts0cc,glorious-sky-35,31,0.0502970297029703,2.1736713900424465,3.617215763885196,0.5686115094147395,0.6514140263395017,0.2096069868995633,2.932222949365341,0.5686115094147395,2.1736713900424465,1.6579777813901997,0.2096069868995633,0.6514140263395017,1763293172.3102305,3.617215763885196,1.6579777813901997,31.715634875,2.932222949365341,0.04851485148514851,9,nep,8.0
qwen25-05b,8,['activity'],['activity'],"['accumulated_time', 'day_of_month', 'day_of_week', 'day_of_year', 'hour_of_day', 'min_of_hour', 'month_of_year', 'sec_of_min', 'secs_within_day', 'week_of_year']","['remaining_time', 'time_to_next_event']",cuda,896,10,lora,,5,896,BPI20PrepaidTravelCosts,512,5e-05,1,256,lstm,sum,634880290,140847522,0.1,1p19ihcz,astral-cherry-36,58,0.11584158415841583,1.4536736680965612,3.1947898434176305,1.100507374153387,0.878790752856492,0.1615720524017467,3.010694520442246,0.8738183688909206,1.4536736680965612,1.2037967353292032,0.1615720524017467,0.959472799144978,1763293242.6355662,3.249409970953913,1.2037967353292032,58.760925175,3.010694520442246,0.06594059405940594,9,nep,8.0
qwen25-05b,8,['activity'],['activity'],"['accumulated_time', 'day_of_month', 'day_of_week', 'day_of_year', 'hour_of_day', 'min_of_hour', 'month_of_year', 'sec_of_min', 'secs_within_day', 'week_of_year']","['remaining_time', 'time_to_next_event']",cuda,896,10,freeze,,5,896,BPI20TravelPermitData,,5e-05,1,,lstm,sum,494146615,157751,0.1,crpb20sg,proud-silence-37,105,0.04550787280024699,2.2994935518873074,4.246978008368016,0.8714586845759688,0.972551777207883,0.20954907161803712,3.261866561930123,0.8714586845759688,2.2994935518873074,1.8051943247536888,0.20954907161803712,0.972551777207883,1763293361.1841063,4.246978008368016,1.8051943247536888,105.865029023,3.261866561930123,0.04550787280024699,9,nep,8.0
qwen25-05b,8,['activity'],['activity'],"['accumulated_time', 'day_of_month', 'day_of_week', 'day_of_year', 'hour_of_day', 'min_of_hour', 'month_of_year', 'sec_of_min', 'secs_within_day', 'week_of_year']","['remaining_time', 'time_to_next_event']",cuda,896,10,lora,,5,896,BPI20TravelPermitData,512,5e-05,1,256,lstm,sum,634917943,140885175,0.1,obvr68ju,exalted-butterfly-38,189,0.07051559123186169,1.2115213073819977,3.5297372698452634,1.0429682638545568,1.2074482519604484,0.0610079575596817,3.419376929811837,1.0429682638545568,1.2115213073819977,1.118020811195762,0.0636604774535809,1.24280436672962,1763293565.3151462,3.5356335660269615,0.98333541455553,189.624394777,3.419376929811837,0.053411546773695584,9,nep,8.0
qwen25-05b,8,['activity'],['activity'],"['accumulated_time', 'day_of_month', 'day_of_week', 'day_of_year', 'hour_of_day', 'min_of_hour', 'month_of_year', 'sec_of_min', 'secs_within_day', 'week_of_year']","['remaining_time', 'time_to_next_event']",cuda,896,10,freeze,,5,896,BPI20RequestForPayment,,5e-05,1,,lstm,sum,494085653,96789,0.1,v7f1zpir,eternal-frost-39,46,0.14372958386592813,2.248624177230317,3.3587888477370407,1.2436643151136546,1.2761939731928018,0.2153846153846154,2.6574708938598635,1.2436643151136546,2.2059892086359,1.4043286346166823,0.2153846153846154,1.321135898736807,1763293624.698826,3.3587888477370407,1.4043286346166823,46.649346608,2.6574708938598635,0.13989490129243004,9,nep,8.0
qwen25-05b,8,['activity'],['activity'],"['accumulated_time', 'day_of_month', 'day_of_week', 'day_of_year', 'hour_of_day', 'min_of_hour', 'month_of_year', 'sec_of_min', 'secs_within_day', 'week_of_year']","['remaining_time', 'time_to_next_event']",cuda,896,10,lora,,5,896,BPI20RequestForPayment,512,5e-05,1,256,lstm,sum,634856981,140824213,0.1,pd64wtel,sage-flower-40,80,0.2391705723618804,1.9305310958387705,2.3958690390297677,1.44316724722202,1.072225831105159,0.13846153846153847,2.6650746528918927,1.3701893604718722,0.989728202435158,1.1149760103923254,0.13846153846153847,1.3173328683926508,1763293718.4561388,3.3740911084199356,1.1149760103923254,80.429174807,2.6650746528918927,0.0,9,nep,8.0
